seed,scale_decision_tree,scale_logistic_regression,scale_random_forest,scale_svm,impute_rf,xgb_native,xgb_full,xgb_train
698843271,0.0,0.0,0.0,0.0,0.0,0.8804347826086957,0.8913043478260869,0.8913043478260869
1791653617,0.0,0.0,-0.005434782608695565,0.0,0.005434782608695676,0.8532608695652174,0.8478260869565217,0.842391304347826
493240704,-0.005434782608695676,0.0,0.0,-0.010869565217391242,0.0,0.8804347826086957,0.8315217391304348,0.8315217391304348
613678182,-0.005434782608695676,0.0,-0.005434782608695676,0.0,0.010869565217391242,0.8641304347826086,0.8695652173913043,0.8586956521739131
370267345,0.005434782608695565,0.0,0.0,0.0,0.0,0.8097826086956522,0.8043478260869565,0.8043478260869565
156269147,0.010869565217391242,0.0,0.005434782608695676,0.0,-0.005434782608695676,0.9021739130434783,0.8858695652173914,0.8858695652173914
835823359,0.005434782608695676,0.0,0.0,0.0,0.005434782608695565,0.8586956521739131,0.8369565217391305,0.8369565217391305
143124570,0.0,0.0,0.0,0.0,0.0,0.8695652173913043,0.875,0.875
593530112,0.0,0.0,0.0,0.0,0.010869565217391353,0.8804347826086957,0.8858695652173914,0.875
1955547732,-0.005434782608695565,0.0,0.005434782608695676,0.0,0.0,0.8532608695652174,0.8586956521739131,0.8586956521739131
1299633696,0.005434782608695565,0.0,0.0,0.0,-0.005434782608695676,0.842391304347826,0.8586956521739131,0.8478260869565217
1319945545,-0.005434782608695676,0.0,0.0,0.0,0.0,0.907608695652174,0.9021739130434783,0.9021739130434783
951527159,0.0,0.0,0.0,0.0,0.0,0.842391304347826,0.8369565217391305,0.8478260869565217
533277282,0.0,0.0,0.0,0.0,-0.016304347826086918,0.8858695652173914,0.8913043478260869,0.8858695652173914
1844529903,0.0,0.0,-0.005434782608695676,0.0,-0.005434782608695676,0.8586956521739131,0.8695652173913043,0.8641304347826086
337779951,0.005434782608695676,0.0,0.0,0.0,0.005434782608695565,0.8532608695652174,0.8369565217391305,0.8315217391304348
1605697108,0.005434782608695676,0.0,0.005434782608695676,0.0,0.005434782608695676,0.8913043478260869,0.8804347826086957,0.875
393905665,-0.005434782608695676,0.0,0.0,0.0,0.0,0.8858695652173914,0.875,0.8695652173913043
1089324843,0.0,0.0,-0.005434782608695676,0.0,0.005434782608695676,0.8858695652173914,0.875,0.8641304347826086
1402323008,0.0,0.0,0.0,0.0,0.005434782608695676,0.8586956521739131,0.8369565217391305,0.842391304347826
156949210,0.010869565217391353,0.0,0.010869565217391242,0.0,0.0,0.8641304347826086,0.8913043478260869,0.8913043478260869
1990994663,0.0,0.0,0.0,0.0,0.0,0.8586956521739131,0.8586956521739131,0.8586956521739131
1580573371,0.005434782608695676,0.0,0.005434782608695565,0.0,0.0,0.7989130434782609,0.8152173913043478,0.8260869565217391
1151273762,0.0,0.0,0.0,0.0,0.0,0.8641304347826086,0.8532608695652174,0.875
813885346,-0.010869565217391242,0.0,0.0,0.0,0.005434782608695676,0.8641304347826086,0.8315217391304348,0.842391304347826
707837483,0.010869565217391353,0.0,0.005434782608695565,0.005434782608695565,0.0,0.875,0.8695652173913043,0.8695652173913043
1513453699,-0.005434782608695565,0.0,0.0,0.0,0.0,0.8804347826086957,0.8695652173913043,0.8804347826086957
329302885,0.0,0.0,0.0,0.0,0.0,0.842391304347826,0.8641304347826086,0.875
1215510387,0.0,0.0,-0.005434782608695565,0.0,0.0,0.8586956521739131,0.8641304347826086,0.8641304347826086
2121254660,0.005434782608695676,0.0,-0.005434782608695676,0.0,0.0,0.842391304347826,0.842391304347826,0.842391304347826
142124934,0.0,0.005434782608695676,0.0,0.0,-0.005434782608695676,0.8641304347826086,0.8315217391304348,0.8315217391304348
1782876137,0.0,0.0,0.0,0.0,-0.005434782608695676,0.8152173913043478,0.8260869565217391,0.8206521739130435
1400288726,0.0,0.0,0.0,0.0,0.0,0.8695652173913043,0.8586956521739131,0.8586956521739131
248965869,0.0,0.0,0.0,0.0,0.0,0.8260869565217391,0.7989130434782609,0.8097826086956522
1166397091,0.0,0.0,-0.005434782608695676,0.0,0.010869565217391242,0.8695652173913043,0.8586956521739131,0.8586956521739131
412440864,0.010869565217391353,0.0,0.0,0.0,0.005434782608695676,0.8913043478260869,0.8967391304347826,0.9021739130434783
1249029682,0.0,0.0,0.0,0.0,0.005434782608695676,0.8967391304347826,0.8913043478260869,0.8913043478260869
1552749702,0.0,0.0,0.0,-0.005434782608695676,0.0,0.8858695652173914,0.8641304347826086,0.875
679348496,0.005434782608695676,0.0,0.0,0.0,0.0,0.8478260869565217,0.8097826086956522,0.8097826086956522
1048923416,0.0,0.0,0.0,0.0,0.0,0.8695652173913043,0.8586956521739131,0.8641304347826086
2145517570,0.0,0.0,0.0,0.0,0.0,0.8152173913043478,0.8152173913043478,0.8152173913043478
692948886,0.0,0.0,0.0,0.0,0.0,0.8641304347826086,0.8532608695652174,0.8532608695652174
381359917,0.0,0.0,0.0,0.0,0.005434782608695676,0.8641304347826086,0.8641304347826086,0.8586956521739131
386665897,-0.005434782608695676,0.0,0.0,0.0,0.0,0.8478260869565217,0.8315217391304348,0.8478260869565217
1128844424,0.0,0.0,0.005434782608695676,0.0,0.0,0.8804347826086957,0.8586956521739131,0.8586956521739131
1506001768,0.0,0.0,0.016304347826086918,0.0,0.005434782608695565,0.8641304347826086,0.8532608695652174,0.8586956521739131
728785454,0.0,0.0,0.0,-0.005434782608695676,0.0,0.7989130434782609,0.8206521739130435,0.8152173913043478
1249880050,0.005434782608695676,0.0,0.0,0.0,0.0,0.8641304347826086,0.8369565217391305,0.8369565217391305
372853081,0.005434782608695676,0.0,0.0,0.0,0.0,0.8315217391304348,0.8043478260869565,0.8260869565217391
2100356171,0.0,0.0,0.005434782608695676,0.0,0.0,0.8260869565217391,0.8260869565217391,0.8260869565217391
1527385356,0.0,0.0,-0.005434782608695676,0.0,0.0,0.7989130434782609,0.8043478260869565,0.8097826086956522
2079874157,0.0,0.0,0.0,-0.005434782608695676,0.0,0.8695652173913043,0.8315217391304348,0.8315217391304348
1078366534,-0.005434782608695565,0.0,0.0,-0.005434782608695676,0.005434782608695676,0.8695652173913043,0.8695652173913043,0.8532608695652174
1061195275,0.0,0.0,0.005434782608695565,0.0,0.0,0.8260869565217391,0.8206521739130435,0.8206521739130435
1287232119,0.0,0.0,0.005434782608695676,-0.005434782608695676,0.0,0.8206521739130435,0.8260869565217391,0.8315217391304348
763552511,0.0,0.0,0.0,0.005434782608695676,0.0,0.8206521739130435,0.8315217391304348,0.8315217391304348
656499585,0.0,0.0,0.0,0.0,-0.005434782608695676,0.8913043478260869,0.8804347826086957,0.875
1900277080,0.0,0.0,0.0,0.0,0.0,0.842391304347826,0.8369565217391305,0.8369565217391305
1783173823,0.0,0.0,0.0,0.0,0.0,0.8532608695652174,0.8586956521739131,0.8369565217391305
487784854,-0.005434782608695676,0.0,-0.005434782608695565,0.0,-0.005434782608695676,0.8315217391304348,0.8206521739130435,0.8315217391304348
1770968334,0.0,0.0,0.0,0.0,0.0,0.8260869565217391,0.8206521739130435,0.8206521739130435
287868995,0.0,0.0,0.005434782608695676,0.0,0.0,0.8695652173913043,0.8695652173913043,0.8641304347826086
2098831143,-0.005434782608695565,0.0,0.0,0.0,0.0,0.8260869565217391,0.8315217391304348,0.8043478260869565
2126050261,0.0,0.0,0.0,0.0,-0.005434782608695676,0.875,0.875,0.8804347826086957
1948384257,0.0,0.0,0.005434782608695676,0.0,0.005434782608695676,0.8532608695652174,0.8260869565217391,0.8260869565217391
1418454448,0.005434782608695676,0.0,-0.005434782608695565,0.0,0.0,0.875,0.8913043478260869,0.8913043478260869
1054775224,0.0,0.0,0.0,0.0,0.0,0.8260869565217391,0.8097826086956522,0.8260869565217391
1463816757,0.005434782608695676,0.0,-0.005434782608695676,0.0,0.0,0.8913043478260869,0.8967391304347826,0.8967391304347826
1593675581,0.005434782608695676,0.0,0.0,0.0,0.005434782608695676,0.8695652173913043,0.8641304347826086,0.8641304347826086
799733665,-0.005434782608695676,0.0,0.0,0.005434782608695676,-0.005434782608695676,0.8206521739130435,0.8206521739130435,0.8206521739130435
1843054196,0.0,0.0,0.0,-0.005434782608695565,-0.010869565217391353,0.8260869565217391,0.8152173913043478,0.8369565217391305
353984068,-0.005434782608695676,0.0,0.0,0.0,0.0,0.8695652173913043,0.8967391304347826,0.8967391304347826
1750615352,0.0,0.0,0.0,0.0,0.0,0.9021739130434783,0.8804347826086957,0.8804347826086957
360187555,0.0,0.0,0.005434782608695676,0.0,0.0,0.875,0.875,0.875
279705469,0.0,0.0,0.0,0.0,0.0,0.8586956521739131,0.8532608695652174,0.8478260869565217
1210164804,0.0,0.0,-0.005434782608695676,0.0,0.005434782608695676,0.8641304347826086,0.875,0.8478260869565217
1477281101,0.0,0.0,0.0,0.0,0.0,0.8858695652173914,0.8804347826086957,0.8804347826086957
1122277455,0.010869565217391353,0.0,-0.005434782608695676,0.0,-0.005434782608695676,0.8478260869565217,0.8315217391304348,0.8369565217391305
1881193406,0.0,0.0,0.005434782608695676,0.0,-0.016304347826086918,0.8315217391304348,0.8315217391304348,0.8206521739130435
1130839594,0.0,0.0,0.0,0.005434782608695565,0.016304347826086918,0.8804347826086957,0.8695652173913043,0.8641304347826086
234935008,0.005434782608695676,0.0,0.005434782608695676,0.0,-0.005434782608695676,0.8315217391304348,0.8369565217391305,0.8478260869565217
57845001,0.0,0.0,0.0,0.0,-0.010869565217391353,0.8532608695652174,0.8532608695652174,0.8478260869565217
1824463097,0.0,0.0,0.0,0.0,0.0,0.8260869565217391,0.8315217391304348,0.8315217391304348
986807428,-0.005434782608695676,0.0,0.0,-0.005434782608695676,0.01630434782608703,0.8315217391304348,0.8315217391304348,0.8478260869565217
1230302164,0.0,0.0,0.005434782608695565,0.0,0.0,0.8260869565217391,0.8260869565217391,0.8260869565217391
1423898005,-0.01630434782608703,0.0,0.0,0.0,0.005434782608695676,0.8913043478260869,0.8967391304347826,0.9021739130434783
1973404817,0.0,0.0,0.0,0.0,0.0,0.8206521739130435,0.8532608695652174,0.8586956521739131
886792422,0.0,0.0,0.0,0.0,0.0,0.8804347826086957,0.8586956521739131,0.8586956521739131
524437858,0.0,0.0,0.0,-0.005434782608695676,0.0,0.9130434782608695,0.9021739130434783,0.9021739130434783
2111427778,0.005434782608695676,0.0,0.0,0.0,0.005434782608695676,0.8695652173913043,0.8478260869565217,0.8641304347826086
1143266066,0.005434782608695676,0.0,-0.005434782608695676,-0.005434782608695676,0.016304347826086918,0.8532608695652174,0.842391304347826,0.8586956521739131
520155717,0.0,0.0,0.0,0.0,0.0,0.9130434782608695,0.9021739130434783,0.9021739130434783
1570976675,0.0,0.0,0.0,0.0,-0.005434782608695676,0.8804347826086957,0.8695652173913043,0.8695652173913043
47389880,0.005434782608695676,0.0,0.005434782608695676,0.0,0.0,0.8478260869565217,0.8315217391304348,0.8315217391304348
1856805586,0.0,0.0,-0.005434782608695565,0.0,0.005434782608695676,0.875,0.8478260869565217,0.8478260869565217
333143030,0.0,0.0,0.0,0.0,0.005434782608695676,0.8532608695652174,0.8804347826086957,0.8695652173913043
1641657465,0.0,0.0,0.0,0.0,0.0,0.8695652173913043,0.875,0.875
1140918586,0.005434782608695676,0.0,-0.005434782608695676,0.0,0.0,0.8641304347826086,0.875,0.875
1500466889,0.005434782608695676,0.0,0.0,0.0,0.0,0.8532608695652174,0.8532608695652174,0.8532608695652174
1780940307,0.0,0.0,0.0,0.0,0.0,0.842391304347826,0.842391304347826,0.8532608695652174
1711696198,0.0,0.0,0.0,0.0,0.0,0.8315217391304348,0.8369565217391305,0.8478260869565217
1326055937,-0.005434782608695565,0.0,0.0,0.0,0.0,0.8804347826086957,0.8641304347826086,0.8641304347826086
17462500,0.005434782608695676,0.0,0.005434782608695676,0.0,0.0,0.8641304347826086,0.8532608695652174,0.8478260869565217
2102715721,0.0,0.0,0.0,-0.005434782608695676,0.0,0.8586956521739131,0.8586956521739131,0.8478260869565217
2052392117,-0.005434782608695676,0.0,0.0,0.005434782608695676,0.005434782608695565,0.8967391304347826,0.907608695652174,0.8967391304347826
4553630,0.0,0.0,-0.005434782608695676,0.0,0.010869565217391242,0.9021739130434783,0.8967391304347826,0.8967391304347826
540622383,0.005434782608695676,0.0,0.0,0.0,0.0,0.875,0.8586956521739131,0.8586956521739131
920543739,0.0,0.0,-0.005434782608695676,0.0,-0.005434782608695565,0.8532608695652174,0.8532608695652174,0.8532608695652174
1886087851,0.005434782608695676,0.0,0.005434782608695676,0.005434782608695565,0.005434782608695676,0.8478260869565217,0.842391304347826,0.8369565217391305
1638252046,0.0,0.0,0.0,0.0,0.0,0.8695652173913043,0.8695652173913043,0.875
1185246075,0.0,0.0,0.0,0.0,0.0,0.8913043478260869,0.8858695652173914,0.8858695652173914
350223570,-0.005434782608695676,0.0,0.0,0.0,0.005434782608695565,0.8913043478260869,0.8913043478260869,0.8913043478260869
792482140,0.0,0.0,0.0,0.0,-0.005434782608695676,0.8315217391304348,0.8315217391304348,0.842391304347826
791752010,0.0,0.0,0.0,0.0,0.0,0.8804347826086957,0.8532608695652174,0.8532608695652174
396424486,0.0,0.0,0.0,0.0,0.0,0.8532608695652174,0.8260869565217391,0.8315217391304348
8854162,-0.010869565217391242,0.0,0.0,0.0,-0.005434782608695676,0.8369565217391305,0.8586956521739131,0.8478260869565217
1913000454,0.005434782608695676,0.0,-0.005434782608695676,0.0,-0.005434782608695676,0.8478260869565217,0.8586956521739131,0.8586956521739131
36721787,0.0,0.0,0.0,0.0,0.0,0.8804347826086957,0.8913043478260869,0.8913043478260869
115592621,0.005434782608695676,0.0,0.0,0.0,0.0,0.8641304347826086,0.8532608695652174,0.8532608695652174
241868183,-0.010869565217391353,0.0,0.0,0.0,0.0,0.8858695652173914,0.8641304347826086,0.8586956521739131
1343755192,0.0,0.0,0.005434782608695676,0.0,0.0,0.842391304347826,0.8315217391304348,0.8315217391304348
1015057819,0.005434782608695676,0.0,-0.005434782608695676,0.0,0.0,0.8478260869565217,0.842391304347826,0.842391304347826
1951359289,0.005434782608695676,0.0,0.0,0.0,-0.01630434782608703,0.8478260869565217,0.8641304347826086,0.8858695652173914
104208179,0.005434782608695565,0.0,0.0,0.0,0.0,0.875,0.8695652173913043,0.8695652173913043
928419030,-0.005434782608695565,0.0,0.005434782608695676,0.0,0.0,0.8315217391304348,0.8315217391304348,0.7989130434782609
561176345,0.0,0.0,0.0,0.005434782608695676,0.0,0.875,0.8586956521739131,0.8586956521739131
484670045,0.0,0.0,0.0,0.0,0.0,0.875,0.875,0.875
534362164,0.0,0.0,0.0,0.0,-0.005434782608695565,0.8532608695652174,0.8695652173913043,0.8478260869565217
233421513,0.0,0.0,0.0,0.0,-0.005434782608695676,0.842391304347826,0.8369565217391305,0.8532608695652174
1454460042,0.005434782608695676,0.0,0.0,0.005434782608695676,-0.005434782608695676,0.8586956521739131,0.8532608695652174,0.842391304347826
103769033,0.0,0.0,0.0,0.0,0.0,0.8641304347826086,0.8478260869565217,0.8478260869565217
84431613,0.0,0.0,-0.005434782608695676,0.0,0.0,0.8641304347826086,0.842391304347826,0.842391304347826
369469125,0.0,0.0,-0.005434782608695676,0.0,0.005434782608695676,0.842391304347826,0.8152173913043478,0.8097826086956522
1651425125,-0.005434782608695565,0.0,0.005434782608695676,0.0,0.0,0.8586956521739131,0.8804347826086957,0.8641304347826086
1524898506,-0.005434782608695676,0.0,0.005434782608695676,0.005434782608695676,0.0,0.8532608695652174,0.842391304347826,0.842391304347826
878408582,0.0,0.0,0.0,0.0,0.0,0.8586956521739131,0.8532608695652174,0.8532608695652174
756597112,-0.010869565217391242,0.0,0.0,0.0,-0.010869565217391353,0.8478260869565217,0.842391304347826,0.8315217391304348
750503008,0.0,0.0,-0.005434782608695676,0.0,-0.005434782608695676,0.8478260869565217,0.842391304347826,0.8586956521739131
1079436288,0.0,0.0,0.0,0.0,0.0,0.8532608695652174,0.8478260869565217,0.842391304347826
864803182,0.0,0.0,0.0,0.0,0.0,0.875,0.8641304347826086,0.8641304347826086
678896695,0.0,0.0,0.0,0.0,0.0,0.8641304347826086,0.8913043478260869,0.8913043478260869
1186879765,0.0,0.0,0.005434782608695676,0.010869565217391353,0.0,0.875,0.8804347826086957,0.8804347826086957
2062125815,-0.005434782608695565,0.0,0.0,0.0,0.005434782608695676,0.8641304347826086,0.8641304347826086,0.8532608695652174
1030326948,0.0,0.0,0.0,0.0,0.0,0.8369565217391305,0.8586956521739131,0.8532608695652174
1193753799,0.0,0.0,-0.005434782608695676,0.0,-0.005434782608695676,0.8586956521739131,0.8804347826086957,0.8695652173913043
312745439,0.0,0.0,0.0,0.0,-0.005434782608695676,0.8478260869565217,0.8478260869565217,0.842391304347826
1927950892,0.0,0.0,0.0,0.0,0.0,0.8695652173913043,0.8858695652173914,0.875
354207689,0.0,0.0,0.0,0.0,0.0,0.8967391304347826,0.9021739130434783,0.907608695652174
1921762059,0.0,0.0,0.0,0.0,0.0,0.8586956521739131,0.8641304347826086,0.8641304347826086
315790489,-0.005434782608695565,0.0,-0.005434782608695676,0.0,0.005434782608695676,0.8641304347826086,0.8641304347826086,0.875
277214475,-0.005434782608695676,0.0,0.0,0.0,0.005434782608695676,0.8967391304347826,0.8913043478260869,0.8913043478260869
773877917,0.0,0.0,-0.005434782608695676,0.0,0.0,0.8369565217391305,0.8369565217391305,0.8369565217391305
301368534,0.010869565217391242,0.0,0.005434782608695676,0.0,0.0,0.8586956521739131,0.8804347826086957,0.8804347826086957
1437068220,0.0,0.0,0.0,-0.005434782608695676,0.0,0.8913043478260869,0.8913043478260869,0.8967391304347826
2053435858,0.0,0.0,0.0,-0.010869565217391242,0.005434782608695565,0.8695652173913043,0.8858695652173914,0.8858695652173914
1118481775,0.0,0.0,-0.01630434782608703,0.0,0.005434782608695676,0.8858695652173914,0.8804347826086957,0.8586956521739131
243021692,0.0,0.0,0.0,0.0,0.0,0.8532608695652174,0.842391304347826,0.8369565217391305
22815287,-0.010869565217391353,0.0,0.0,0.0,0.0,0.8641304347826086,0.8478260869565217,0.8532608695652174
1725312552,0.0,0.0,0.0,0.0,-0.005434782608695676,0.8858695652173914,0.8858695652173914,0.8586956521739131
394709803,-0.005434782608695676,0.0,0.0,0.0,0.005434782608695676,0.8804347826086957,0.8858695652173914,0.8913043478260869
534129526,0.0,0.0,0.0,0.0,0.0,0.8586956521739131,0.8804347826086957,0.8804347826086957
118154545,0.0,0.0,0.0,0.0,0.0,0.8478260869565217,0.842391304347826,0.842391304347826
2038988206,0.0,0.0,-0.005434782608695565,0.0,0.0,0.8804347826086957,0.8695652173913043,0.8695652173913043
1062338532,0.0,0.0,0.0,0.0,-0.005434782608695676,0.8532608695652174,0.8369565217391305,0.8532608695652174
554368842,0.005434782608695676,0.0,0.005434782608695676,0.0,0.0,0.8695652173913043,0.8369565217391305,0.8369565217391305
2127924446,0.005434782608695676,0.0,0.0,0.0,0.005434782608695676,0.8641304347826086,0.8532608695652174,0.8695652173913043
1178602542,0.0,0.0,0.005434782608695676,0.0,0.0,0.8695652173913043,0.875,0.875
888174189,0.0,0.0,-0.005434782608695565,0.0,0.0,0.8532608695652174,0.8369565217391305,0.8369565217391305
242509716,0.0,0.0,0.0,0.0,0.0,0.842391304347826,0.8369565217391305,0.8369565217391305
1961698358,-0.005434782608695565,0.0,0.0,0.0,0.0,0.8478260869565217,0.8369565217391305,0.842391304347826
1272992118,-0.005434782608695565,0.0,0.005434782608695676,0.0,0.016304347826086918,0.842391304347826,0.8641304347826086,0.8695652173913043
59374124,0.0,0.0,0.005434782608695676,0.0,0.0,0.8315217391304348,0.8260869565217391,0.8260869565217391
1917856656,0.0,0.0,0.0,0.0,-0.005434782608695676,0.8641304347826086,0.842391304347826,0.8586956521739131
1698029982,0.005434782608695676,0.0,0.0,0.0,0.0,0.8967391304347826,0.8695652173913043,0.8532608695652174
1034334200,0.0,0.0,0.0,0.0,0.0,0.8532608695652174,0.8315217391304348,0.8315217391304348
66199423,0.005434782608695676,0.0,0.0,0.0,0.005434782608695676,0.8586956521739131,0.875,0.8532608695652174
1997466222,0.0,0.0,0.0,0.0,0.005434782608695676,0.8206521739130435,0.7880434782608695,0.7880434782608695
121376839,0.0,0.0,0.0,0.0,-0.005434782608695676,0.8532608695652174,0.8152173913043478,0.8097826086956522
2130702841,0.0,0.0,0.0,0.0,0.0,0.8695652173913043,0.8804347826086957,0.8695652173913043
1736081903,0.0,0.0,0.0,0.0,0.0,0.842391304347826,0.842391304347826,0.842391304347826
2068501578,0.0,0.0,-0.005434782608695565,0.0,0.0,0.8804347826086957,0.8641304347826086,0.8641304347826086
1294390893,0.0,0.0,0.0,0.0,0.005434782608695676,0.8804347826086957,0.8913043478260869,0.8804347826086957
1660038460,-0.005434782608695676,0.0,0.0,0.0,-0.005434782608695565,0.8369565217391305,0.8478260869565217,0.8478260869565217
1363611450,-0.005434782608695676,0.0,0.0,0.0,0.0,0.8043478260869565,0.7989130434782609,0.7989130434782609
1585433823,0.0,0.0,-0.005434782608695676,-0.005434782608695676,0.0,0.8586956521739131,0.8641304347826086,0.8695652173913043
668852678,-0.005434782608695676,0.0,0.005434782608695565,0.0,0.016304347826086918,0.8641304347826086,0.842391304347826,0.8478260869565217
1586237306,0.0,0.0,0.0,0.0,0.010869565217391242,0.8641304347826086,0.8369565217391305,0.8478260869565217
1582534102,0.0,0.0,0.0,0.0,0.0,0.8586956521739131,0.8532608695652174,0.8586956521739131
1734430177,0.0,0.0,0.0,0.0,0.005434782608695565,0.8478260869565217,0.8478260869565217,0.842391304347826
1318253049,-0.005434782608695676,0.0,0.0,0.0,0.005434782608695676,0.842391304347826,0.8532608695652174,0.8586956521739131
1454353809,0.0,0.0,0.0,0.0,0.0,0.8913043478260869,0.8695652173913043,0.8695652173913043
1119311578,0.005434782608695565,0.0,0.0,0.0,0.0,0.8478260869565217,0.842391304347826,0.842391304347826
790568255,-0.005434782608695676,0.0,0.0,0.0,0.0,0.8804347826086957,0.8967391304347826,0.8967391304347826
1340530909,0.005434782608695676,0.0,0.0,0.0,0.0,0.7989130434782609,0.8369565217391305,0.8369565217391305
1586285802,0.0,0.0,0.0,0.0,0.0,0.8532608695652174,0.8152173913043478,0.842391304347826
283036843,0.0,0.0,0.0,0.0,-0.010869565217391242,0.8804347826086957,0.9021739130434783,0.8967391304347826
1716623761,-0.005434782608695676,0.0,0.0,0.0,0.0,0.8641304347826086,0.8804347826086957,0.8804347826086957
1736585609,0.005434782608695676,0.0,0.005434782608695676,0.0,0.005434782608695676,0.8532608695652174,0.8369565217391305,0.8315217391304348
265669499,0.005434782608695565,0.0,0.0,0.0,-0.010869565217391242,0.8641304347826086,0.8641304347826086,0.8695652173913043
2106707916,0.0,0.0,0.0,0.0,0.0,0.8369565217391305,0.8369565217391305,0.8369565217391305
888262545,0.0,0.0,0.005434782608695676,0.005434782608695565,0.005434782608695565,0.8913043478260869,0.875,0.8858695652173914
81049871,0.0,0.0,0.0,0.0,0.0,0.8804347826086957,0.8804347826086957,0.8804347826086957
1079361667,0.0,0.0,0.0,0.0,0.0,0.8695652173913043,0.875,0.875
849051646,-0.005434782608695676,0.0,0.005434782608695676,0.0,-0.005434782608695565,0.8695652173913043,0.8532608695652174,0.8532608695652174
1152013290,0.010869565217391242,0.0,-0.005434782608695676,-0.010869565217391242,0.0,0.8369565217391305,0.8695652173913043,0.8586956521739131
1406946167,-0.005434782608695676,0.0,0.0,0.0,0.005434782608695676,0.8586956521739131,0.8913043478260869,0.8641304347826086
1408550762,0.0,0.0,0.005434782608695676,-0.005434782608695676,0.0,0.8586956521739131,0.8586956521739131,0.8586956521739131
299515287,0.005434782608695676,0.0,0.0,0.0,0.0,0.8641304347826086,0.8641304347826086,0.8858695652173914
1627835366,0.0,0.0,0.0,0.0,0.0,0.8641304347826086,0.8369565217391305,0.8369565217391305
998252539,0.0,0.0,-0.005434782608695565,0.0,-0.005434782608695676,0.8369565217391305,0.8315217391304348,0.8369565217391305
740884847,0.0,0.0,0.0,0.0,0.010869565217391242,0.8913043478260869,0.8478260869565217,0.8369565217391305
506436474,0.0,0.0,0.0,0.0,0.0,0.8804347826086957,0.8586956521739131,0.8586956521739131
72001738,0.0,0.0,0.0,0.0,0.010869565217391242,0.8532608695652174,0.8532608695652174,0.8532608695652174
2029752240,-0.005434782608695676,0.0,0.005434782608695565,0.0,0.0,0.8152173913043478,0.8097826086956522,0.8097826086956522
1374149609,0.005434782608695565,0.0,0.0,0.0,-0.005434782608695565,0.842391304347826,0.8152173913043478,0.8260869565217391
950191007,-0.005434782608695676,0.0,-0.005434782608695676,0.0,0.0,0.8532608695652174,0.8695652173913043,0.8586956521739131
627828043,-0.005434782608695676,0.0,0.0,0.0,0.0,0.8478260869565217,0.8478260869565217,0.8478260869565217
532729051,0.0,0.0,-0.005434782608695676,0.005434782608695676,-0.005434782608695676,0.8478260869565217,0.842391304347826,0.8369565217391305
1189916378,0.005434782608695676,0.0,0.0,-0.005434782608695676,0.0,0.8478260869565217,0.8478260869565217,0.8478260869565217
1794500272,0.0,0.0,0.010869565217391242,0.0,0.016304347826086918,0.8532608695652174,0.8315217391304348,0.8369565217391305
332573650,0.0,0.0,0.0,0.0,0.0,0.842391304347826,0.8478260869565217,0.8641304347826086
1391158912,0.0,0.0,-0.005434782608695676,0.0,0.005434782608695676,0.8804347826086957,0.8641304347826086,0.875
839303032,0.005434782608695676,0.0,0.005434782608695676,0.0,-0.005434782608695676,0.8369565217391305,0.8641304347826086,0.842391304347826
1536453817,0.0,0.0,0.0,0.0,0.0,0.8369565217391305,0.8586956521739131,0.8586956521739131
70096781,0.0,0.0,0.0,0.0,0.0,0.8695652173913043,0.8695652173913043,0.8804347826086957
1906886291,0.0,0.0,-0.010869565217391353,0.0,0.005434782608695676,0.8641304347826086,0.8532608695652174,0.8586956521739131
1126224774,0.010869565217391353,0.0,0.005434782608695676,0.0,0.005434782608695676,0.8260869565217391,0.8206521739130435,0.8369565217391305
435817167,0.0,0.0,0.0,0.0,0.0,0.875,0.8532608695652174,0.842391304347826
766431470,0.005434782608695676,0.0,0.0,0.0,0.005434782608695676,0.8369565217391305,0.842391304347826,0.8315217391304348
1148030822,0.005434782608695565,0.0,0.0,0.005434782608695676,0.0,0.8913043478260869,0.8804347826086957,0.8804347826086957
562859874,0.0,0.0,0.0,0.005434782608695676,0.0,0.8695652173913043,0.8804347826086957,0.8804347826086957
192310379,0.0,0.0,0.005434782608695676,0.0,0.010869565217391242,0.8695652173913043,0.8478260869565217,0.8532608695652174
35482365,0.0,0.0,0.0,0.0,0.005434782608695676,0.8260869565217391,0.8532608695652174,0.8369565217391305
584129290,-0.005434782608695676,0.0,-0.005434782608695676,0.0,-0.010869565217391353,0.8586956521739131,0.842391304347826,0.8532608695652174
1966199335,0.005434782608695676,0.0,-0.005434782608695676,-0.005434782608695676,0.0,0.8097826086956522,0.8369565217391305,0.8369565217391305
546991807,0.005434782608695565,0.0,0.0,0.0,0.0,0.8478260869565217,0.8641304347826086,0.8641304347826086
1786913346,0.0,0.0,0.0,0.0,0.010869565217391353,0.8913043478260869,0.8913043478260869,0.9021739130434783
866053685,0.0,0.0,0.0,0.0,0.0,0.8532608695652174,0.8532608695652174,0.8532608695652174
450391046,0.0,0.0,0.0,0.0,0.0,0.8967391304347826,0.875,0.8913043478260869
603469045,0.0,0.0,0.0,0.0,0.0,0.8858695652173914,0.875,0.8695652173913043
1183297255,0.0,0.0,0.0,0.0,0.005434782608695676,0.8369565217391305,0.8586956521739131,0.8641304347826086
871227286,0.0,0.0,0.0,0.0,0.0,0.8695652173913043,0.842391304347826,0.842391304347826
1402435601,0.0,0.0,0.0,0.0,0.0,0.8804347826086957,0.8804347826086957,0.8804347826086957
1183883141,0.0,0.0,0.0,0.0,0.0,0.8478260869565217,0.8315217391304348,0.8260869565217391
304884780,-0.005434782608695676,0.0,0.0,0.0,0.0,0.8532608695652174,0.8478260869565217,0.8478260869565217
926247806,0.0,0.0,0.0,0.0,0.0,0.8097826086956522,0.8152173913043478,0.8152173913043478
753789091,-0.005434782608695565,0.0,0.005434782608695565,0.0,0.0,0.875,0.8369565217391305,0.8478260869565217
1313598646,0.005434782608695676,0.0,0.0,0.0,-0.005434782608695676,0.8695652173913043,0.8695652173913043,0.8804347826086957
1292770478,0.005434782608695676,0.0,0.005434782608695676,0.010869565217391242,-0.005434782608695676,0.8695652173913043,0.8478260869565217,0.8695652173913043
340720469,0.0,0.0,0.0,0.005434782608695676,-0.005434782608695676,0.8532608695652174,0.8695652173913043,0.8586956521739131
247259338,0.0,0.0,0.0,-0.005434782608695676,0.0,0.875,0.8695652173913043,0.8858695652173914
1168536995,0.0,0.0,0.0,0.0,0.0,0.8532608695652174,0.8532608695652174,0.8532608695652174
1072466540,-0.005434782608695676,0.0,0.0,0.0,0.0,0.8641304347826086,0.8478260869565217,0.8478260869565217
841217608,0.0,0.0,-0.010869565217391353,-0.005434782608695676,0.010869565217391353,0.8641304347826086,0.8695652173913043,0.8532608695652174
1411656602,0.0,0.0,0.0,0.0,0.005434782608695676,0.907608695652174,0.8913043478260869,0.8967391304347826
596053354,-0.005434782608695565,0.0,0.005434782608695676,0.0,0.005434782608695565,0.842391304347826,0.8641304347826086,0.842391304347826
694040702,0.0,0.0,0.0,0.0,0.005434782608695676,0.8641304347826086,0.8532608695652174,0.8478260869565217
976600590,0.010869565217391353,0.0,0.005434782608695676,0.0,-0.016304347826086918,0.8641304347826086,0.8804347826086957,0.8695652173913043
972449552,0.0,0.0,0.0,0.0,0.0,0.842391304347826,0.8260869565217391,0.8369565217391305
1063375252,0.0,0.0,0.0,-0.005434782608695676,0.0,0.875,0.8804347826086957,0.8804347826086957
1334191430,0.0,0.0,-0.005434782608695565,0.0,-0.005434782608695565,0.9130434782608695,0.907608695652174,0.9021739130434783
332351684,-0.005434782608695565,0.0,0.0,0.0,-0.005434782608695676,0.8369565217391305,0.8369565217391305,0.8152173913043478
2138777173,0.0,0.0,0.0,0.0,0.010869565217391242,0.8478260869565217,0.842391304347826,0.8695652173913043
414781028,0.0,0.0,0.005434782608695676,0.0,0.0,0.8586956521739131,0.8369565217391305,0.8369565217391305
583251107,0.0,0.0,0.0,0.0,0.0,0.8315217391304348,0.8206521739130435,0.8206521739130435
933138757,0.0,0.0,0.0,0.0,0.0,0.8641304347826086,0.8641304347826086,0.8532608695652174
290270235,0.0,0.0,-0.005434782608695676,0.0,-0.005434782608695676,0.8641304347826086,0.8695652173913043,0.8804347826086957
23709836,0.0,0.0,0.005434782608695676,0.0,0.0,0.8586956521739131,0.8695652173913043,0.8695652173913043
1636153285,0.0,0.0,0.0,0.0,0.010869565217391353,0.875,0.8695652173913043,0.8695652173913043
450430834,0.0,0.0,0.0,0.0,-0.005434782608695676,0.8695652173913043,0.8804347826086957,0.8695652173913043
1780142852,-0.005434782608695565,0.0,0.0,0.0,0.0,0.8315217391304348,0.842391304347826,0.8586956521739131
2104236961,0.0,0.0,0.0,0.0,0.005434782608695565,0.8641304347826086,0.8478260869565217,0.8478260869565217
1042773959,0.005434782608695565,0.0,0.0,0.0,0.0,0.8315217391304348,0.8369565217391305,0.8369565217391305
731042537,0.0,0.0,0.0,0.0,0.0,0.8804347826086957,0.842391304347826,0.8641304347826086
1962642749,0.0,0.0,0.010869565217391242,0.0,-0.005434782608695676,0.8695652173913043,0.8206521739130435,0.842391304347826
903160832,0.0,0.0,0.0,0.0,-0.010869565217391242,0.842391304347826,0.8315217391304348,0.8260869565217391
2046362233,0.005434782608695565,0.0,0.0,0.0,0.0,0.8043478260869565,0.8369565217391305,0.8369565217391305
1570685397,-0.005434782608695676,0.0,0.0,0.0,0.0,0.8478260869565217,0.8532608695652174,0.8532608695652174
102414484,0.0,0.0,0.005434782608695565,0.0,0.0,0.8152173913043478,0.8097826086956522,0.8152173913043478
1292519607,0.0,0.0,0.0,0.0,0.0,0.8478260869565217,0.8804347826086957,0.8695652173913043
745657169,0.005434782608695676,0.0,0.0,0.0,0.005434782608695676,0.8695652173913043,0.8858695652173914,0.875
30211543,0.005434782608695676,0.0,0.005434782608695676,0.0,-0.005434782608695676,0.8641304347826086,0.8641304347826086,0.8913043478260869
1528545197,0.0,0.0,0.0,0.0,0.0,0.8586956521739131,0.8478260869565217,0.8478260869565217
1029485465,0.005434782608695676,0.0,0.005434782608695676,0.0,0.0,0.8913043478260869,0.875,0.875
1713209629,0.0,0.0,0.005434782608695676,0.0,0.0,0.8097826086956522,0.7989130434782609,0.782608695652174
1541382836,0.005434782608695676,0.0,0.0,0.0,-0.005434782608695676,0.8260869565217391,0.8097826086956522,0.8206521739130435
1123652359,0.0,0.0,0.0,0.005434782608695676,0.0,0.875,0.8695652173913043,0.8695652173913043
294050347,0.0,0.0,0.0,-0.005434782608695676,-0.005434782608695676,0.8532608695652174,0.8315217391304348,0.8315217391304348
1361399685,-0.005434782608695676,0.0,0.0,0.0,0.0,0.8804347826086957,0.8532608695652174,0.8532608695652174
1475484617,-0.005434782608695676,0.0,0.0,0.0,0.005434782608695565,0.842391304347826,0.8478260869565217,0.8532608695652174
1768350784,0.005434782608695676,0.0,-0.005434782608695565,0.0,-0.005434782608695676,0.8641304347826086,0.8586956521739131,0.8478260869565217
915802403,0.0,0.0,0.0,0.0,0.0,0.842391304347826,0.842391304347826,0.842391304347826
692184321,0.005434782608695565,0.0,-0.005434782608695565,-0.005434782608695676,0.0,0.842391304347826,0.8369565217391305,0.8369565217391305
167787019,0.0,0.0,0.0,0.0,0.0,0.842391304347826,0.8532608695652174,0.842391304347826
720906646,-0.005434782608695676,0.0,0.0,0.0,0.0,0.8858695652173914,0.8586956521739131,0.8586956521739131
98112580,0.005434782608695676,0.0,0.005434782608695676,0.0,-0.010869565217391353,0.8369565217391305,0.8206521739130435,0.842391304347826
1051171143,0.005434782608695676,0.0,0.0,0.0,-0.005434782608695676,0.8478260869565217,0.8369565217391305,0.8478260869565217
323820950,0.010869565217391242,0.0,0.0,0.005434782608695676,0.0,0.8695652173913043,0.842391304347826,0.8478260869565217
1253181732,0.010869565217391242,0.0,0.0,-0.005434782608695565,0.010869565217391353,0.8369565217391305,0.8260869565217391,0.8260869565217391
980306635,0.0,0.0,0.0,0.0,-0.005434782608695676,0.8369565217391305,0.842391304347826,0.8369565217391305
1808309256,0.0,0.0,0.0,0.0,0.0,0.8532608695652174,0.8586956521739131,0.8586956521739131
1666376185,0.0,0.0,0.0,0.0,-0.005434782608695676,0.8586956521739131,0.8369565217391305,0.8369565217391305
1819457324,0.005434782608695676,0.0,0.005434782608695676,0.0,0.005434782608695676,0.875,0.8532608695652174,0.8586956521739131
479942422,0.0,0.0,0.0,0.0,0.0,0.842391304347826,0.8532608695652174,0.8532608695652174
1944876172,0.0,0.0,0.0,0.005434782608695676,0.0,0.8532608695652174,0.8641304347826086,0.8641304347826086
476650770,0.0,0.0,0.0,0.0,0.0,0.7880434782608695,0.7989130434782609,0.7934782608695652
1679678491,0.016304347826086918,0.0,0.005434782608695676,0.0,0.010869565217391242,0.9130434782608695,0.8858695652173914,0.907608695652174
1917145040,0.0,0.0,0.0,0.0,-0.010869565217391353,0.8586956521739131,0.842391304347826,0.8478260869565217
1860425699,0.0,0.0,-0.005434782608695676,0.0,0.0,0.8913043478260869,0.8967391304347826,0.8967391304347826
444488501,-0.005434782608695676,0.0,0.0,0.0,0.0,0.8478260869565217,0.8152173913043478,0.8152173913043478
640425698,0.0,0.0,0.0,0.0,0.005434782608695676,0.9021739130434783,0.8967391304347826,0.8967391304347826
1480668476,0.0,0.0,0.0,0.0,0.010869565217391242,0.8641304347826086,0.8641304347826086,0.8532608695652174
1278484628,-0.005434782608695676,0.0,0.0,0.0,0.0,0.8097826086956522,0.842391304347826,0.842391304347826
936391627,0.0,0.0,0.0,0.0,0.0,0.8532608695652174,0.8586956521739131,0.8586956521739131
1793945627,0.0,0.0,0.0,0.005434782608695676,0.0,0.8804347826086957,0.8913043478260869,0.8804347826086957
5698259,0.0,0.0,0.0,0.0,0.0,0.8641304347826086,0.842391304347826,0.842391304347826
1320811065,0.0,0.0,-0.005434782608695676,0.0,0.0,0.8641304347826086,0.842391304347826,0.842391304347826
45755345,0.0,0.0,0.0,0.0,-0.010869565217391353,0.8369565217391305,0.8260869565217391,0.8369565217391305
1052523138,0.0,0.0,0.005434782608695676,0.0,0.0,0.8858695652173914,0.8586956521739131,0.842391304347826
582558164,0.0,0.0,0.0,0.0,0.010869565217391353,0.8858695652173914,0.8804347826086957,0.8695652173913043
1741023205,0.005434782608695676,0.0,-0.005434782608695676,0.0,0.005434782608695676,0.8804347826086957,0.8695652173913043,0.8858695652173914
2034983024,0.010869565217391242,0.0,-0.005434782608695676,0.0,-0.005434782608695676,0.9130434782608695,0.8858695652173914,0.8695652173913043
297573082,-0.005434782608695676,0.0,0.0,0.0,-0.005434782608695676,0.8695652173913043,0.8641304347826086,0.8586956521739131
1501856497,-0.010869565217391353,0.0,0.0,0.0,0.0,0.8913043478260869,0.875,0.875
353590483,0.0,0.0,0.0,0.0,0.010869565217391242,0.8641304347826086,0.8478260869565217,0.8641304347826086
151898374,0.005434782608695676,0.0,0.005434782608695676,0.0,0.0,0.8369565217391305,0.8152173913043478,0.8315217391304348
930831061,0.0,0.0,0.0,0.0,-0.005434782608695565,0.8967391304347826,0.8641304347826086,0.8532608695652174
1421661665,0.005434782608695565,0.0,0.0,0.0,0.0,0.8152173913043478,0.842391304347826,0.8532608695652174
237329221,-0.005434782608695676,0.0,0.0,0.0,0.0,0.8804347826086957,0.8586956521739131,0.8586956521739131
1244344816,0.0,0.0,0.0,0.0,0.005434782608695676,0.8478260869565217,0.8532608695652174,0.8478260869565217
220763390,0.0,0.0,0.005434782608695676,0.0,-0.005434782608695676,0.842391304347826,0.842391304347826,0.8478260869565217
873437290,0.010869565217391242,0.0,0.0,0.0,-0.010869565217391353,0.842391304347826,0.8315217391304348,0.842391304347826
2074377956,0.0,0.0,0.0,0.0,0.0,0.8641304347826086,0.8532608695652174,0.842391304347826
399037795,0.0,0.0,0.005434782608695676,0.0,0.0,0.875,0.8532608695652174,0.8695652173913043
885881171,0.005434782608695676,0.0,0.0,0.0,-0.005434782608695676,0.8804347826086957,0.8913043478260869,0.8858695652173914
1124905025,0.0,0.0,0.0,0.0,0.0,0.8913043478260869,0.8695652173913043,0.8695652173913043
1945630487,0.0,0.0,0.0,0.0,0.005434782608695676,0.8478260869565217,0.8206521739130435,0.8152173913043478
1072312721,0.0,0.0,0.0,0.005434782608695676,0.0,0.8641304347826086,0.8586956521739131,0.8532608695652174
700960641,0.005434782608695565,0.0,0.0,0.0,-0.016304347826086918,0.8315217391304348,0.8315217391304348,0.8369565217391305
1242205791,0.0,0.0,0.0,0.0,0.005434782608695676,0.875,0.875,0.8858695652173914
709206213,0.0,0.0,0.0,0.0,0.0,0.8858695652173914,0.8967391304347826,0.8967391304347826
150792631,0.005434782608695676,0.0,0.0,0.0,0.0,0.8532608695652174,0.8478260869565217,0.8478260869565217
81917935,0.0,0.0,0.005434782608695676,0.0,-0.005434782608695676,0.875,0.8804347826086957,0.8532608695652174
1423531748,0.005434782608695676,0.0,0.0,0.0,0.0,0.8641304347826086,0.842391304347826,0.842391304347826
1410148909,0.0,0.0,0.0,0.0,0.005434782608695565,0.875,0.8695652173913043,0.875
2127196113,0.0,0.0,0.0,-0.005434782608695676,-0.010869565217391353,0.8532608695652174,0.842391304347826,0.8260869565217391
85640236,0.005434782608695676,0.0,-0.005434782608695565,0.0,0.0,0.8858695652173914,0.8804347826086957,0.8804347826086957
593616932,-0.010869565217391242,0.0,0.0,0.0,0.010869565217391242,0.8804347826086957,0.8695652173913043,0.8804347826086957
1036118977,0.010869565217391242,0.0,-0.005434782608695676,0.0,0.010869565217391242,0.8478260869565217,0.8478260869565217,0.8369565217391305
1838822385,0.005434782608695676,0.0,0.0,0.0,0.0,0.8315217391304348,0.8260869565217391,0.8315217391304348
1773174734,0.005434782608695676,0.0,-0.005434782608695676,0.005434782608695676,0.005434782608695676,0.8206521739130435,0.7989130434782609,0.8043478260869565
2029477594,0.005434782608695676,0.0,-0.005434782608695565,0.0,0.0,0.9021739130434783,0.8967391304347826,0.8913043478260869
1116356394,0.0,0.0,0.0,0.0,0.0,0.8641304347826086,0.8532608695652174,0.8586956521739131
333262566,0.0,0.0,0.005434782608695676,0.0,0.0,0.8586956521739131,0.8478260869565217,0.8478260869565217
43121463,-0.005434782608695676,0.0,0.005434782608695565,0.0,0.010869565217391242,0.8532608695652174,0.8478260869565217,0.842391304347826
1168234388,0.0,0.0,0.0,-0.005434782608695676,-0.005434782608695676,0.8532608695652174,0.8586956521739131,0.842391304347826
58782912,0.0,0.0,0.0,0.0,-0.005434782608695676,0.8532608695652174,0.8641304347826086,0.8913043478260869
747706778,-0.005434782608695676,0.0,0.0,0.0,-0.010869565217391242,0.8369565217391305,0.842391304347826,0.8478260869565217
652636424,0.0,0.0,0.005434782608695565,0.0,0.0,0.8478260869565217,0.8478260869565217,0.842391304347826
557379365,-0.005434782608695676,0.0,0.005434782608695676,0.005434782608695676,0.0,0.8315217391304348,0.8152173913043478,0.8097826086956522
35038454,0.0,0.0,0.0,0.0,0.0,0.8206521739130435,0.8315217391304348,0.8315217391304348
1307094579,0.0,0.0,0.0,0.0,0.0,0.8369565217391305,0.8315217391304348,0.8315217391304348
641328687,0.005434782608695565,0.0,-0.005434782608695676,0.005434782608695676,-0.010869565217391353,0.875,0.8858695652173914,0.8695652173913043
1029967937,0.005434782608695676,0.0,0.0,0.0,0.0,0.782608695652174,0.8097826086956522,0.8097826086956522
1276927708,0.010869565217391353,0.0,0.0,0.005434782608695676,0.0,0.8804347826086957,0.8641304347826086,0.8641304347826086
1842915955,0.005434782608695676,0.0,0.0,0.0,0.0,0.8858695652173914,0.8641304347826086,0.8586956521739131
99494448,0.0,0.0,0.005434782608695565,0.0,0.0,0.8478260869565217,0.8532608695652174,0.875
1818176082,0.0,0.0,-0.005434782608695676,0.0,0.0,0.8804347826086957,0.8858695652173914,0.8858695652173914
627770123,0.0,0.0,0.0,0.0,0.005434782608695676,0.8369565217391305,0.842391304347826,0.842391304347826
1822686936,-0.010869565217391242,0.0,-0.005434782608695676,0.0,0.010869565217391242,0.8532608695652174,0.8804347826086957,0.8913043478260869
449510988,-0.010869565217391353,0.0,0.0,0.0,-0.010869565217391242,0.8369565217391305,0.8097826086956522,0.8260869565217391
654710547,0.0,0.0,-0.005434782608695676,0.0,0.005434782608695676,0.8532608695652174,0.8586956521739131,0.8478260869565217
2052944477,0.0,0.0,-0.005434782608695676,0.0,0.0,0.8695652173913043,0.8858695652173914,0.8858695652173914
1745940059,-0.005434782608695565,0.0,-0.005434782608695676,0.0,-0.010869565217391353,0.8315217391304348,0.8586956521739131,0.8478260869565217
1337746162,-0.005434782608695565,0.0,0.0,0.010869565217391353,0.005434782608695676,0.8913043478260869,0.8586956521739131,0.8695652173913043
1616859554,0.005434782608695676,0.0,0.0,-0.005434782608695676,0.016304347826086918,0.8858695652173914,0.8695652173913043,0.8641304347826086
2018558960,-0.005434782608695676,0.0,-0.005434782608695676,-0.005434782608695676,0.005434782608695676,0.8695652173913043,0.8804347826086957,0.8804347826086957
1521566634,0.005434782608695676,0.0,0.010869565217391353,-0.005434782608695676,0.0,0.8804347826086957,0.875,0.8641304347826086
1156354970,0.0,0.0,0.0,0.0,-0.010869565217391242,0.8315217391304348,0.842391304347826,0.8369565217391305
635497189,-0.005434782608695676,0.0,0.0,0.0,-0.005434782608695676,0.8586956521739131,0.8369565217391305,0.8532608695652174
689506969,-0.010869565217391242,0.0,0.0,0.0,0.0,0.8913043478260869,0.875,0.875
909498462,0.0,0.0,0.0,0.0,0.0,0.9021739130434783,0.875,0.875
1481494771,0.005434782608695676,0.0,0.005434782608695676,0.0,0.0,0.8369565217391305,0.8097826086956522,0.8206521739130435
856436449,0.0,0.0,-0.005434782608695565,0.0,-0.005434782608695565,0.8206521739130435,0.8097826086956522,0.8097826086956522
2117476630,0.0,0.0,0.005434782608695676,0.005434782608695676,0.0,0.8586956521739131,0.842391304347826,0.8315217391304348
719945938,-0.005434782608695676,0.0,0.0,0.010869565217391353,-0.016304347826086918,0.8695652173913043,0.8532608695652174,0.8586956521739131
1315903881,0.0,0.0,0.0,0.0,0.005434782608695565,0.8586956521739131,0.8152173913043478,0.8260869565217391
1416542619,0.0,0.0,0.0,0.0,0.005434782608695565,0.8641304347826086,0.8641304347826086,0.8478260869565217
1748300020,0.005434782608695676,0.0,0.0,0.0,0.005434782608695676,0.875,0.8586956521739131,0.8532608695652174
534436561,0.0,0.0,0.0,0.0,0.005434782608695676,0.8206521739130435,0.8206521739130435,0.8206521739130435
1973057460,-0.005434782608695676,0.0,0.0,0.0,0.0,0.8586956521739131,0.8586956521739131,0.8641304347826086
109077341,0.0,0.0,0.0,0.0,-0.005434782608695676,0.8586956521739131,0.8532608695652174,0.8369565217391305
1933252443,-0.010869565217391353,0.0,0.0,0.0,0.0,0.8315217391304348,0.8043478260869565,0.8043478260869565
1073942744,0.005434782608695565,0.0,-0.005434782608695565,0.0,0.0,0.8478260869565217,0.842391304347826,0.8478260869565217
1170645904,0.0,0.0,0.010869565217391242,0.0,0.0,0.8695652173913043,0.8641304347826086,0.8641304347826086
1864124409,0.0,0.0,0.0,0.0,0.005434782608695676,0.8206521739130435,0.8369565217391305,0.842391304347826
85160275,0.005434782608695565,0.0,-0.005434782608695565,0.0,-0.005434782608695676,0.8315217391304348,0.8532608695652174,0.8369565217391305
2125887773,0.0,0.0,0.0,-0.005434782608695676,0.0,0.8532608695652174,0.8478260869565217,0.8586956521739131
153123646,-0.005434782608695676,0.0,0.0,-0.005434782608695565,0.005434782608695565,0.842391304347826,0.8532608695652174,0.842391304347826
861347482,0.0,0.0,-0.005434782608695565,-0.005434782608695676,-0.005434782608695676,0.9021739130434783,0.8695652173913043,0.8858695652173914
1337277525,0.005434782608695676,0.0,0.0,0.0,0.005434782608695676,0.8695652173913043,0.8641304347826086,0.8695652173913043
1407216795,0.0,0.0,0.0,0.0,-0.005434782608695676,0.8858695652173914,0.8858695652173914,0.8858695652173914
1873096035,0.0,0.0,0.0,0.0,0.0,0.9021739130434783,0.8804347826086957,0.8804347826086957
323503005,0.0,0.0,0.0,0.0,-0.005434782608695676,0.8152173913043478,0.8315217391304348,0.8315217391304348
1944803947,0.005434782608695565,0.0,-0.005434782608695676,0.005434782608695676,0.0,0.8913043478260869,0.8586956521739131,0.8586956521739131
1809624471,0.0,0.0,0.0,-0.005434782608695676,0.0,0.8260869565217391,0.8206521739130435,0.8206521739130435
52372625,0.0,0.0,0.0,0.0,0.0,0.842391304347826,0.8315217391304348,0.8315217391304348
1684598997,0.005434782608695676,0.0,0.0,0.0,0.0,0.8858695652173914,0.875,0.875
1046836037,0.0,0.0,0.0,-0.005434782608695676,-0.005434782608695676,0.8532608695652174,0.8478260869565217,0.8478260869565217
1764511543,0.0,0.0,0.0,0.0,0.0,0.8478260869565217,0.8478260869565217,0.8478260869565217
1916129155,0.0,0.0,0.005434782608695676,0.0,0.0,0.842391304347826,0.8478260869565217,0.8478260869565217
889319620,0.0,0.0,0.0,0.0,0.0,0.8478260869565217,0.842391304347826,0.842391304347826
859243063,0.0,0.0,0.005434782608695676,0.0,0.0,0.8641304347826086,0.8641304347826086,0.8641304347826086
421821007,0.0,0.0,0.0,0.0,0.005434782608695676,0.8478260869565217,0.7989130434782609,0.8152173913043478
1430130624,-0.005434782608695565,0.0,0.0,0.0,0.0,0.842391304347826,0.8260869565217391,0.8260869565217391
2127670396,0.0,0.0,0.0,0.0,0.0,0.8260869565217391,0.8152173913043478,0.8152173913043478
1195809766,-0.005434782608695676,0.0,0.0,0.0,0.0,0.8641304347826086,0.875,0.8695652173913043
1915183132,0.005434782608695676,0.0,0.0,0.0,0.0,0.875,0.8695652173913043,0.8804347826086957
678932049,0.005434782608695676,0.0,0.0,0.0,0.005434782608695676,0.875,0.8804347826086957,0.8858695652173914
1028221948,0.0,0.0,0.0,0.0,0.0,0.8532608695652174,0.842391304347826,0.842391304347826
1911187370,-0.005434782608695676,0.0,0.0,0.0,0.005434782608695565,0.8043478260869565,0.8206521739130435,0.8206521739130435
1084594862,-0.005434782608695676,0.0,0.005434782608695565,0.0,0.0,0.8369565217391305,0.8315217391304348,0.8315217391304348
1378254408,0.0,0.0,0.0,0.0,0.0,0.8478260869565217,0.8369565217391305,0.8315217391304348
949567492,0.0,0.0,0.0,0.0,0.0,0.8913043478260869,0.8858695652173914,0.8858695652173914
376653715,0.005434782608695676,0.0,0.0,0.0,0.0,0.8315217391304348,0.8369565217391305,0.8206521739130435
702845247,0.0,0.0,0.0,-0.005434782608695676,0.0,0.875,0.8586956521739131,0.8586956521739131
1120083541,0.0,0.0,0.0,0.0,0.0,0.8315217391304348,0.8206521739130435,0.8206521739130435
37473694,0.0,0.0,0.0,-0.005434782608695676,0.0,0.8804347826086957,0.8695652173913043,0.8695652173913043
1863364304,0.005434782608695676,0.0,0.0,0.0,0.005434782608695676,0.842391304347826,0.8260869565217391,0.8532608695652174
509702858,-0.005434782608695676,0.0,0.0,0.0,0.010869565217391353,0.8369565217391305,0.8260869565217391,0.8260869565217391
577156664,0.005434782608695676,0.0,-0.005434782608695676,0.0,0.0,0.8532608695652174,0.8586956521739131,0.8532608695652174
82411108,0.0,0.0,0.0,0.0,0.0,0.8586956521739131,0.842391304347826,0.842391304347826
1507380408,0.0,0.0,0.0,0.0,0.0,0.8478260869565217,0.8478260869565217,0.8532608695652174
1689961409,0.010869565217391353,0.0,0.0,0.0,0.0,0.8967391304347826,0.8641304347826086,0.8858695652173914
1604234904,0.0,0.0,0.0,0.0,0.0,0.9239130434782609,0.9184782608695652,0.9184782608695652
132774780,0.0,0.0,0.0,0.0,0.005434782608695676,0.8532608695652174,0.8586956521739131,0.8586956521739131
1456718291,-0.005434782608695676,0.0,0.0,0.0,0.005434782608695565,0.8043478260869565,0.8260869565217391,0.8152173913043478
488388183,0.0,0.0,0.0,0.0,0.0,0.8586956521739131,0.8369565217391305,0.8369565217391305
246787963,0.005434782608695676,0.0,0.0,0.0,0.005434782608695676,0.8478260869565217,0.8695652173913043,0.8695652173913043
441476653,-0.005434782608695565,0.0,0.0,0.0,0.0,0.875,0.875,0.8804347826086957
174239938,0.0,0.0,0.0,0.0,0.0,0.8478260869565217,0.8586956521739131,0.8586956521739131
1117940921,0.0,0.0,0.005434782608695676,0.0,-0.005434782608695676,0.8695652173913043,0.8478260869565217,0.8478260869565217
1525623065,0.0,0.0,-0.005434782608695676,0.0,0.0,0.8260869565217391,0.8532608695652174,0.8532608695652174
912631776,-0.005434782608695676,0.0,0.0,0.0,0.01630434782608703,0.8858695652173914,0.8641304347826086,0.9021739130434783
389776827,0.005434782608695676,0.0,0.0,0.0,0.0,0.8641304347826086,0.8478260869565217,0.8478260869565217
1635895018,0.0,0.0,0.0,0.005434782608695676,0.0,0.9130434782608695,0.8695652173913043,0.8695652173913043
1781622543,-0.005434782608695676,0.0,0.0,0.0,0.0,0.875,0.8695652173913043,0.8804347826086957
155482921,0.0,0.0,0.0,0.0,-0.005434782608695676,0.8967391304347826,0.8913043478260869,0.8858695652173914
1416597071,0.0,0.0,-0.005434782608695676,0.005434782608695676,-0.010869565217391242,0.907608695652174,0.8804347826086957,0.8913043478260869
723194912,0.0,0.0,0.005434782608695676,-0.005434782608695565,0.0,0.8097826086956522,0.8260869565217391,0.8260869565217391
762231048,0.0,0.0,-0.005434782608695676,0.0,0.0,0.8152173913043478,0.8152173913043478,0.8152173913043478
1719450633,-0.005434782608695676,0.0,0.0,0.0,0.010869565217391242,0.8641304347826086,0.8586956521739131,0.8532608695652174
1133700178,0.010869565217391242,0.0,0.0,-0.005434782608695565,0.005434782608695676,0.8315217391304348,0.8315217391304348,0.8369565217391305
272991822,0.0,0.0,0.0,0.0,-0.005434782608695676,0.842391304347826,0.8206521739130435,0.8315217391304348
774813824,0.0,0.0,0.0,0.0,0.0,0.8315217391304348,0.8206521739130435,0.8206521739130435
676395021,-0.005434782608695565,0.0,0.0,0.0,-0.010869565217391242,0.8641304347826086,0.875,0.8586956521739131
1588559311,0.005434782608695676,0.0,0.0,0.0,0.010869565217391242,0.8586956521739131,0.8641304347826086,0.8641304347826086
695209131,0.0,0.0,-0.010869565217391353,0.0,-0.005434782608695676,0.8532608695652174,0.8478260869565217,0.8586956521739131
268514007,0.0,0.0,0.0,0.0,0.0,0.8858695652173914,0.8695652173913043,0.875
1966276183,0.0,0.0,0.0,0.0,0.0,0.8369565217391305,0.8369565217391305,0.8369565217391305
441914647,-0.010869565217391353,0.0,0.0,0.0,0.0,0.8478260869565217,0.8369565217391305,0.8586956521739131
591014801,0.0,0.0,0.0,0.0,-0.005434782608695676,0.8478260869565217,0.8586956521739131,0.8532608695652174
2135779795,0.005434782608695676,0.0,0.0,0.0,0.005434782608695676,0.8641304347826086,0.8586956521739131,0.8586956521739131
820482730,-0.005434782608695676,0.0,0.0,-0.005434782608695676,-0.005434782608695676,0.9021739130434783,0.8967391304347826,0.8858695652173914
1769438103,0.0,0.0,0.0,0.0,0.0,0.8586956521739131,0.8532608695652174,0.8532608695652174
91885825,0.0,0.0,0.0,0.0,0.0,0.842391304347826,0.8315217391304348,0.8315217391304348
260669647,0.0,0.0,0.0,0.0,0.0,0.8315217391304348,0.8315217391304348,0.8315217391304348
626337280,0.0,0.005434782608695676,-0.010869565217391242,0.0,0.0,0.8641304347826086,0.8641304347826086,0.8586956521739131
1549600989,-0.005434782608695676,0.0,0.0,0.0,0.005434782608695676,0.8641304347826086,0.8586956521739131,0.8695652173913043
323210248,0.0,0.0,0.0,-0.005434782608695676,-0.005434782608695676,0.8478260869565217,0.842391304347826,0.8586956521739131
1576436216,0.0,0.0,0.0,0.005434782608695565,0.005434782608695676,0.8641304347826086,0.8586956521739131,0.8641304347826086
1975512194,0.0,0.0,0.0,0.0,0.005434782608695676,0.8478260869565217,0.842391304347826,0.8369565217391305
293124440,0.0,0.0,0.0,0.0,0.0,0.8641304347826086,0.8695652173913043,0.8695652173913043
1083800450,0.0,0.0,0.0,0.0,0.005434782608695676,0.8532608695652174,0.8586956521739131,0.8641304347826086
1957912197,0.0,0.0,-0.005434782608695676,0.0,0.0,0.8695652173913043,0.8641304347826086,0.8641304347826086
1259055438,0.005434782608695676,0.0,0.0,0.0,0.0,0.8641304347826086,0.875,0.875
1498511697,0.005434782608695565,0.0,0.0,0.0,0.0,0.8478260869565217,0.8260869565217391,0.8260869565217391
411960549,0.0,0.0,0.0,0.0,0.010869565217391242,0.9130434782608695,0.9021739130434783,0.9021739130434783
489656913,0.005434782608695565,0.0,0.0,0.0,0.0,0.8913043478260869,0.8913043478260869,0.8913043478260869
1052840940,0.0,0.0,0.005434782608695676,0.0,0.0,0.8532608695652174,0.842391304347826,0.8586956521739131
1315861966,0.0,0.0,0.0,0.0,0.0,0.8858695652173914,0.875,0.875
1514995063,0.005434782608695676,0.0,0.005434782608695676,0.005434782608695676,0.0,0.8641304347826086,0.8369565217391305,0.8369565217391305
963365837,0.0,0.0,-0.005434782608695676,0.0,0.0,0.8260869565217391,0.8097826086956522,0.8315217391304348
168796986,0.0,0.0,0.0,0.0,0.0,0.8369565217391305,0.8641304347826086,0.842391304347826
905564345,0.0,0.0,0.0,0.0,0.0,0.8641304347826086,0.8586956521739131,0.8641304347826086
888696819,0.0,0.0,0.005434782608695676,0.0,0.0,0.8369565217391305,0.8478260869565217,0.842391304347826
1395643329,0.0,0.0,0.0,0.0,-0.005434782608695676,0.8858695652173914,0.8641304347826086,0.8858695652173914
121018923,0.0,0.005434782608695565,0.0,0.0,-0.010869565217391242,0.8260869565217391,0.8315217391304348,0.8315217391304348
1159648766,0.0,0.0,0.0,0.0,-0.005434782608695676,0.8695652173913043,0.875,0.8641304347826086
1839076421,0.0,0.0,0.0,0.0,-0.01630434782608703,0.875,0.8532608695652174,0.8695652173913043
653590498,0.0,0.0,0.0,0.0,0.0,0.8913043478260869,0.875,0.875
133106634,0.0,0.0,0.0,0.0,0.005434782608695676,0.842391304347826,0.8586956521739131,0.8532608695652174
808206572,0.0,0.0,0.0,0.0,0.0,0.842391304347826,0.8315217391304348,0.8478260869565217
1895198045,-0.005434782608695676,0.0,0.0,0.0,0.0,0.8804347826086957,0.8532608695652174,0.8586956521739131
827148691,0.0,0.0,0.0,0.0,0.0,0.8478260869565217,0.8641304347826086,0.8641304347826086
1950155056,0.0,0.0,-0.005434782608695676,0.0,0.0,0.8913043478260869,0.875,0.8913043478260869
345785596,0.005434782608695676,0.0,0.005434782608695676,0.0,0.0,0.8695652173913043,0.8695652173913043,0.8695652173913043
1378365011,0.0,0.0,0.0,0.0,0.0,0.8641304347826086,0.8369565217391305,0.8369565217391305
1660190578,0.0,0.0,-0.005434782608695676,0.0,0.0,0.8586956521739131,0.8695652173913043,0.8695652173913043
776683870,0.005434782608695565,0.0,0.0,0.0,-0.005434782608695565,0.9021739130434783,0.9130434782608695,0.9021739130434783
823887643,0.005434782608695676,0.0,-0.010869565217391353,0.005434782608695676,0.0,0.8315217391304348,0.8206521739130435,0.8206521739130435
1155596458,-0.005434782608695676,0.0,0.0,0.0,-0.005434782608695565,0.8097826086956522,0.8043478260869565,0.8043478260869565
1559644856,0.0,0.0,0.0,0.0,-0.016304347826086918,0.842391304347826,0.8695652173913043,0.8641304347826086
1765487046,0.0,0.0,0.0,0.005434782608695676,-0.005434782608695676,0.842391304347826,0.8641304347826086,0.8641304347826086
1126513285,0.0,0.0,0.005434782608695676,0.0,0.0,0.8043478260869565,0.8260869565217391,0.8097826086956522
1751062340,0.005434782608695565,0.005434782608695565,0.0,0.0,0.0,0.8586956521739131,0.8369565217391305,0.8369565217391305
788012686,0.0,0.0,0.0,0.005434782608695676,0.010869565217391242,0.8858695652173914,0.8586956521739131,0.875
1552724617,-0.005434782608695676,0.0,0.0,0.0,0.0,0.8478260869565217,0.8586956521739131,0.8695652173913043
876173753,0.01630434782608703,0.0,-0.005434782608695676,0.0,-0.005434782608695565,0.8369565217391305,0.8315217391304348,0.8369565217391305
24554781,0.0,0.0,-0.005434782608695565,0.0,0.0,0.8695652173913043,0.8804347826086957,0.8695652173913043
1319292700,0.005434782608695565,0.0,0.0,0.0,0.0,0.8532608695652174,0.8532608695652174,0.8532608695652174
261784439,0.0,0.0,-0.005434782608695676,-0.005434782608695565,0.0,0.8641304347826086,0.875,0.875
931954348,0.005434782608695565,0.0,-0.005434782608695676,0.0,0.0,0.8532608695652174,0.8532608695652174,0.8532608695652174
1132550074,-0.005434782608695676,0.0,-0.005434782608695565,-0.005434782608695676,0.0,0.8260869565217391,0.8369565217391305,0.8369565217391305
304501440,0.0,0.0,0.0,0.0,0.0,0.8695652173913043,0.8478260869565217,0.8478260869565217
791266268,0.0,0.0,0.0,0.0,-0.010869565217391353,0.8586956521739131,0.8695652173913043,0.842391304347826
2099486691,0.0,0.0,0.0,-0.005434782608695676,0.0,0.8586956521739131,0.8695652173913043,0.8695652173913043
2143216821,0.0,0.0,0.0,0.0,0.010869565217391242,0.8586956521739131,0.8478260869565217,0.842391304347826
1097366086,0.0,0.0,0.0,0.0,0.0,0.8641304347826086,0.8586956521739131,0.8586956521739131
1261174774,-0.005434782608695676,0.0,0.005434782608695676,0.0,-0.005434782608695565,0.8913043478260869,0.8695652173913043,0.875
1256780936,-0.005434782608695676,0.0,0.0,0.005434782608695565,0.0,0.875,0.8913043478260869,0.8695652173913043
984341616,0.0,0.0,0.0,0.0,0.016304347826086918,0.8586956521739131,0.8532608695652174,0.8532608695652174
633002732,0.0,0.0,-0.005434782608695565,0.0,0.0,0.9293478260869565,0.8858695652173914,0.8804347826086957
675624864,0.0,0.0,0.0,0.0,-0.005434782608695676,0.8695652173913043,0.8641304347826086,0.8695652173913043
853675170,0.005434782608695676,0.0,0.0,0.0,0.0,0.8586956521739131,0.8532608695652174,0.8532608695652174
1597371038,0.0,0.0,0.0,0.0,0.010869565217391242,0.842391304347826,0.8315217391304348,0.842391304347826
108608871,0.0,0.0,-0.005434782608695676,0.0,-0.005434782608695676,0.8532608695652174,0.8478260869565217,0.8478260869565217
304074450,0.0,0.0,0.0,0.0,0.0,0.8641304347826086,0.8532608695652174,0.8695652173913043
1815338451,0.0,0.0,-0.005434782608695676,0.0,-0.005434782608695676,0.842391304347826,0.8586956521739131,0.8315217391304348
434253977,0.0,0.0,-0.005434782608695676,0.0,0.005434782608695676,0.8532608695652174,0.8260869565217391,0.8315217391304348
306440581,0.010869565217391242,0.0,0.005434782608695676,0.0,-0.005434782608695676,0.8152173913043478,0.842391304347826,0.8369565217391305
687705896,0.0,0.0,0.0,0.0,-0.005434782608695676,0.875,0.8532608695652174,0.8641304347826086
1321086270,0.0,0.0,0.0,0.0,0.005434782608695676,0.9130434782608695,0.8804347826086957,0.8858695652173914
581936868,0.0,0.0,0.0,0.0,0.005434782608695676,0.8369565217391305,0.8478260869565217,0.8478260869565217
297939276,0.0,0.0,0.0,0.005434782608695676,0.010869565217391242,0.8369565217391305,0.8260869565217391,0.8369565217391305
238526,0.0,0.0,0.005434782608695676,0.0,0.0,0.8478260869565217,0.8260869565217391,0.8260869565217391
347157393,0.005434782608695676,0.0,0.0,-0.005434782608695676,0.0,0.8695652173913043,0.8641304347826086,0.8641304347826086
1647701550,0.005434782608695676,0.0,0.0,0.0,-0.010869565217391242,0.8586956521739131,0.8369565217391305,0.842391304347826
1567054801,0.0,0.0,-0.005434782608695676,0.0,0.0,0.8641304347826086,0.8695652173913043,0.8641304347826086
2136513437,-0.005434782608695565,0.0,0.0,0.0,0.005434782608695676,0.8478260869565217,0.8369565217391305,0.8315217391304348
1099845262,0.010869565217391353,0.0,0.0,-0.005434782608695676,0.0,0.8695652173913043,0.8478260869565217,0.8478260869565217
1658225597,0.0,0.0,0.0,0.0,0.005434782608695676,0.8478260869565217,0.8695652173913043,0.8532608695652174
1439335988,0.0,-0.005434782608695676,0.0,-0.005434782608695676,0.0,0.842391304347826,0.8369565217391305,0.8369565217391305
2126364432,0.005434782608695676,0.0,0.005434782608695676,0.0,0.0,0.7989130434782609,0.8206521739130435,0.8206521739130435
546285103,-0.005434782608695676,0.0,0.0,0.0,-0.010869565217391242,0.8695652173913043,0.8641304347826086,0.842391304347826
496394669,-0.005434782608695565,0.0,0.0,-0.005434782608695676,0.005434782608695565,0.8369565217391305,0.8369565217391305,0.8206521739130435
1683987321,0.005434782608695676,0.0,0.0,0.0,0.0,0.8315217391304348,0.8152173913043478,0.8152173913043478
452579148,0.005434782608695676,0.0,0.0,0.0,-0.005434782608695565,0.8641304347826086,0.8641304347826086,0.8586956521739131
71872520,-0.005434782608695676,0.0,0.005434782608695676,0.0,0.0,0.8695652173913043,0.8804347826086957,0.8804347826086957
371553838,0.005434782608695565,0.0,-0.005434782608695676,0.0,0.0,0.8369565217391305,0.8206521739130435,0.8152173913043478
892006468,0.0,0.0,0.005434782608695676,0.0,0.0,0.8369565217391305,0.8152173913043478,0.8043478260869565
84820627,0.0,0.0,0.0,0.0,-0.005434782608695676,0.842391304347826,0.8478260869565217,0.8532608695652174
582397270,0.0,0.0,0.005434782608695676,-0.005434782608695676,0.010869565217391242,0.8532608695652174,0.8586956521739131,0.8532608695652174
5656205,-0.005434782608695676,0.0,0.0,0.0,0.01630434782608703,0.8315217391304348,0.8369565217391305,0.8369565217391305
618971506,-0.005434782608695565,0.0,0.0,0.0,0.0,0.875,0.8804347826086957,0.8695652173913043
489927574,-0.005434782608695676,0.0,0.0,0.0,0.0,0.8369565217391305,0.842391304347826,0.842391304347826
1307906613,0.0,0.0,0.0,0.0,0.0,0.8369565217391305,0.8260869565217391,0.8260869565217391
278254142,0.0,0.0,-0.005434782608695565,0.0,0.0,0.8695652173913043,0.8478260869565217,0.8478260869565217
1474202240,0.0,0.0,0.005434782608695676,0.0,0.0,0.8586956521739131,0.8478260869565217,0.8478260869565217
1933292214,-0.005434782608695676,0.0,0.0,0.0,0.0,0.8858695652173914,0.875,0.8804347826086957
679495648,0.0,0.0,0.0,0.0,0.0,0.8532608695652174,0.8478260869565217,0.8478260869565217
804241044,0.0,0.0,0.0,0.0,0.0,0.8804347826086957,0.8641304347826086,0.8641304347826086
314255549,0.005434782608695676,0.0,0.0,0.0,-0.005434782608695676,0.8641304347826086,0.8804347826086957,0.8804347826086957
1364454086,0.0,0.0,0.0,0.0,0.0,0.8695652173913043,0.8804347826086957,0.8804347826086957
1859522518,0.005434782608695676,0.0,0.005434782608695676,0.005434782608695565,-0.010869565217391353,0.8478260869565217,0.8641304347826086,0.8695652173913043
101592901,0.005434782608695676,0.0,0.0,0.005434782608695676,0.005434782608695676,0.8641304347826086,0.8586956521739131,0.8532608695652174
1307916091,0.0,0.0,0.0,0.0,0.005434782608695676,0.9184782608695652,0.8967391304347826,0.8804347826086957
1584233744,0.0,0.0,0.0,0.0,0.0,0.8260869565217391,0.8369565217391305,0.8369565217391305
55896052,0.0,0.0,-0.005434782608695676,0.0,0.005434782608695676,0.8858695652173914,0.8804347826086957,0.8804347826086957
1138546631,-0.005434782608695676,0.0,-0.005434782608695676,0.0,0.005434782608695676,0.8532608695652174,0.842391304347826,0.8260869565217391
2008300354,0.0,0.0,0.0,0.0,0.0,0.8967391304347826,0.8858695652173914,0.8858695652173914
724868017,0.0,0.0,0.0,0.0,0.005434782608695565,0.8206521739130435,0.8478260869565217,0.8369565217391305
906881677,0.0,0.0,0.0,0.005434782608695676,-0.005434782608695676,0.8695652173913043,0.8695652173913043,0.8532608695652174
938550938,0.0,0.0,0.0,0.0,0.0,0.8695652173913043,0.875,0.875
228723612,0.0,0.0,0.0,0.0,0.0,0.8532608695652174,0.8532608695652174,0.8641304347826086
1548991806,0.0,0.0,0.0,0.0,0.0,0.8804347826086957,0.875,0.875
2120635974,0.005434782608695676,0.0,0.005434782608695676,0.0,0.005434782608695676,0.8586956521739131,0.842391304347826,0.875
27437209,0.0,0.0,-0.005434782608695676,-0.005434782608695565,0.01630434782608703,0.8369565217391305,0.8478260869565217,0.8369565217391305
1116295151,-0.005434782608695676,0.0,0.0,0.0,0.0,0.8478260869565217,0.8913043478260869,0.8913043478260869
477021467,0.0,0.0,0.0,0.0,0.005434782608695676,0.8369565217391305,0.8206521739130435,0.8206521739130435
1679709662,0.0,0.0,-0.005434782608695676,0.0,0.010869565217391353,0.8641304347826086,0.8695652173913043,0.8586956521739131
1224296690,0.0,0.0,0.005434782608695676,0.0,-0.005434782608695676,0.875,0.8532608695652174,0.8586956521739131
784163091,0.0,0.0,0.0,0.0,-0.005434782608695676,0.8641304347826086,0.8532608695652174,0.8586956521739131
221287021,-0.005434782608695676,0.0,-0.010869565217391353,0.0,0.0,0.8586956521739131,0.8641304347826086,0.8641304347826086
1752409363,0.005434782608695676,0.0,0.0,0.0,0.005434782608695676,0.9130434782608695,0.9130434782608695,0.907608695652174
1490346767,0.0,0.0,0.0,0.0,0.0,0.8586956521739131,0.8695652173913043,0.8695652173913043
390900890,0.0,0.0,0.0,0.0,0.0,0.842391304347826,0.842391304347826,0.8260869565217391
1196672310,0.0,0.0,0.0,0.0,0.0,0.8586956521739131,0.8695652173913043,0.8641304347826086
192177716,0.0,0.0,0.0,0.0,0.0,0.875,0.8858695652173914,0.8858695652173914
1370399493,0.0,0.0,0.0,0.005434782608695676,0.0,0.8804347826086957,0.8532608695652174,0.8641304347826086
1566868218,0.016304347826086918,0.0,0.0,0.005434782608695565,0.005434782608695676,0.8641304347826086,0.8532608695652174,0.8532608695652174
1687238108,-0.005434782608695676,0.0,0.0,0.0,0.0,0.842391304347826,0.8532608695652174,0.8532608695652174
688477673,0.0,0.0,0.0,0.0,-0.010869565217391242,0.8369565217391305,0.842391304347826,0.842391304347826
1838191595,0.0,0.0,0.0,0.0,-0.01630434782608703,0.8478260869565217,0.8695652173913043,0.8858695652173914
819361936,-0.005434782608695676,0.0,-0.005434782608695565,0.0,0.0,0.8641304347826086,0.8641304347826086,0.8641304347826086
970908555,0.0,0.0,0.0,0.0,-0.005434782608695676,0.8641304347826086,0.875,0.8695652173913043
503913609,0.0,0.0,0.0,0.0,-0.005434782608695565,0.8967391304347826,0.875,0.875
2028777895,0.0,0.0,0.0,0.0,0.0,0.8641304347826086,0.8586956521739131,0.8586956521739131
1760509409,0.005434782608695676,0.0,0.0,0.005434782608695676,0.0,0.842391304347826,0.8315217391304348,0.8369565217391305
980619854,0.0,0.0,0.0,0.0,0.005434782608695676,0.8478260869565217,0.8369565217391305,0.8369565217391305
463596929,0.0,0.0,0.0,0.0,0.02717391304347827,0.8097826086956522,0.7989130434782609,0.8315217391304348
1904136293,0.0,0.0,0.005434782608695676,0.0,0.0,0.8804347826086957,0.8641304347826086,0.8641304347826086
1040170697,0.005434782608695565,0.0,0.0,0.0,0.0,0.842391304347826,0.8260869565217391,0.8260869565217391
136612193,0.0,0.0,0.0,0.005434782608695676,0.005434782608695676,0.8641304347826086,0.8641304347826086,0.8641304347826086
1429236528,0.0,0.0,-0.005434782608695676,0.0,0.0,0.8532608695652174,0.8532608695652174,0.8641304347826086
1059420494,0.0,0.0,0.0,0.0,0.0,0.8695652173913043,0.8478260869565217,0.8532608695652174
113712825,0.0,0.0,-0.005434782608695676,0.0,0.0,0.8532608695652174,0.842391304347826,0.842391304347826
601898957,0.0,0.0,0.0,-0.005434782608695676,0.005434782608695676,0.875,0.8913043478260869,0.8913043478260869
1189651272,0.010869565217391353,0.0,0.005434782608695565,0.0,0.0,0.8315217391304348,0.8641304347826086,0.8641304347826086
1330113148,0.0,0.0,0.0,0.0,0.0,0.8695652173913043,0.8695652173913043,0.8695652173913043
1174351449,-0.005434782608695676,0.0,0.0,0.0,-0.005434782608695676,0.8532608695652174,0.8478260869565217,0.8478260869565217
1552381106,0.010869565217391353,0.0,0.0,0.0,-0.005434782608695676,0.875,0.875,0.8695652173913043
877402892,-0.005434782608695565,0.0,0.0,0.0,0.0,0.8532608695652174,0.8152173913043478,0.8152173913043478
211339667,0.0,0.0,0.0,0.010869565217391353,0.0,0.8641304347826086,0.8315217391304348,0.8315217391304348
1419857231,0.0,0.0,-0.005434782608695565,0.0,-0.005434782608695676,0.8695652173913043,0.8315217391304348,0.8315217391304348
1216750747,-0.010869565217391353,0.0,-0.005434782608695565,0.0,-0.005434782608695565,0.8206521739130435,0.8097826086956522,0.8097826086956522
1296765867,0.0,0.0,0.0,0.0,0.0,0.8967391304347826,0.8913043478260869,0.8913043478260869
1310617029,0.0,0.0,-0.005434782608695676,0.0,0.0,0.875,0.8695652173913043,0.8913043478260869
68093465,0.0,0.0,0.005434782608695676,0.0,-0.005434782608695676,0.875,0.8804347826086957,0.8586956521739131
247162270,0.0,0.0,0.0,0.0,0.0,0.8532608695652174,0.842391304347826,0.8532608695652174
1740119416,0.005434782608695676,0.0,0.0,0.0,0.005434782608695676,0.8532608695652174,0.8260869565217391,0.8260869565217391
1414026211,0.0,0.0,0.0,0.0,-0.010869565217391353,0.842391304347826,0.8641304347826086,0.8532608695652174
1249807264,0.0,0.0,0.0,0.0,0.0,0.8858695652173914,0.8913043478260869,0.8913043478260869
1755829418,-0.005434782608695676,0.0,0.0,0.0,-0.010869565217391353,0.842391304347826,0.842391304347826,0.842391304347826
2132369785,0.0,0.0,0.0,0.0,0.0,0.875,0.8858695652173914,0.8804347826086957
81788580,0.0,0.0,0.005434782608695676,-0.005434782608695565,0.0,0.8478260869565217,0.842391304347826,0.842391304347826
1362892730,0.0,0.0,0.016304347826086918,0.005434782608695565,0.005434782608695676,0.8478260869565217,0.842391304347826,0.8369565217391305
1013256816,0.0,0.0,0.005434782608695676,0.0,0.010869565217391353,0.9021739130434783,0.907608695652174,0.9021739130434783
1132835717,0.0,0.0,0.0,0.005434782608695676,0.0,0.842391304347826,0.8260869565217391,0.8315217391304348
295993327,0.0,0.0,0.0,0.0,0.0,0.8315217391304348,0.8315217391304348,0.8369565217391305
140994345,0.0,0.0,-0.005434782608695676,0.005434782608695676,0.0,0.8695652173913043,0.8478260869565217,0.8478260869565217
1014291337,0.0,0.0,-0.005434782608695565,0.0,0.0,0.8532608695652174,0.8532608695652174,0.8532608695652174
1252763915,0.0,0.0,0.0,0.0,0.0,0.8695652173913043,0.8695652173913043,0.8695652173913043
1568273506,-0.005434782608695676,-0.005434782608695565,0.0,0.0,0.0,0.8478260869565217,0.8478260869565217,0.8695652173913043
1390521239,0.0,0.0,0.005434782608695565,0.0,0.0,0.7934782608695652,0.7989130434782609,0.7989130434782609
2060902355,0.0,0.0,0.005434782608695676,0.0,-0.005434782608695565,0.8532608695652174,0.8586956521739131,0.875
545762055,-0.005434782608695565,0.0,-0.005434782608695565,0.0,0.005434782608695676,0.8260869565217391,0.8478260869565217,0.842391304347826
159440875,0.0,0.0,0.0,0.0,0.0,0.8695652173913043,0.8532608695652174,0.8532608695652174
613920297,0.0,0.0,-0.005434782608695676,0.0,0.005434782608695676,0.8967391304347826,0.8913043478260869,0.8804347826086957
662756461,-0.005434782608695565,0.0,0.0,0.005434782608695676,0.0,0.8586956521739131,0.8695652173913043,0.8695652173913043
386601003,-0.005434782608695676,0.005434782608695676,0.0,0.0,0.0,0.8260869565217391,0.8478260869565217,0.842391304347826
1627943731,-0.005434782608695676,0.0,0.0,0.0,0.010869565217391242,0.8695652173913043,0.8586956521739131,0.8586956521739131
350924044,0.0,0.0,0.0,0.0,0.0,0.8858695652173914,0.875,0.875
5434279,0.0,0.0,0.0,0.005434782608695676,-0.005434782608695676,0.8858695652173914,0.8641304347826086,0.8641304347826086
1919496873,0.0,0.0,0.0,0.0,0.0,0.8152173913043478,0.8315217391304348,0.8315217391304348
1491230185,0.005434782608695565,0.0,0.0,0.0,0.0,0.8586956521739131,0.8695652173913043,0.8695652173913043
116581084,0.010869565217391353,0.0,0.0,0.0,0.016304347826086918,0.8478260869565217,0.842391304347826,0.8478260869565217
551729983,0.0,0.0,0.0,0.005434782608695676,0.0,0.842391304347826,0.8369565217391305,0.8369565217391305
1022144652,0.0,0.0,0.0,0.0,0.0,0.842391304347826,0.8260869565217391,0.8260869565217391
585675315,0.01630434782608703,0.0,-0.005434782608695676,0.0,0.005434782608695676,0.8532608695652174,0.8369565217391305,0.8369565217391305
970170757,0.0,0.005434782608695565,0.0,0.0,-0.005434782608695565,0.8478260869565217,0.8260869565217391,0.8315217391304348
1473030441,0.0,0.0,0.0,-0.005434782608695676,0.010869565217391242,0.8206521739130435,0.8152173913043478,0.8315217391304348
1663958893,-0.005434782608695676,0.0,0.0,0.0,0.0,0.842391304347826,0.8586956521739131,0.8586956521739131
1495977601,0.0,0.0,0.0,-0.005434782608695676,0.0,0.8804347826086957,0.875,0.875
778648183,0.0,0.0,0.0,0.0,0.0,0.8586956521739131,0.8369565217391305,0.842391304347826
660483219,0.005434782608695676,0.0,0.0,0.0,0.0,0.8641304347826086,0.8478260869565217,0.8478260869565217
811084728,0.0,0.0,-0.005434782608695676,0.0,0.0,0.875,0.8695652173913043,0.8641304347826086
579569136,0.0,0.0,-0.005434782608695565,0.0,0.0,0.8695652173913043,0.8478260869565217,0.8478260869565217
1677449021,0.0,0.0,0.0,0.0,0.0,0.842391304347826,0.8369565217391305,0.8369565217391305
1914672330,-0.005434782608695676,0.0,0.0,0.0,0.0,0.782608695652174,0.8043478260869565,0.8043478260869565
13226313,0.005434782608695676,0.0,0.0,0.0,0.0,0.8152173913043478,0.8097826086956522,0.8097826086956522
1389755550,0.005434782608695676,0.0,0.0,0.0,-0.005434782608695676,0.8478260869565217,0.8641304347826086,0.8586956521739131
134316431,0.0,0.0,0.005434782608695565,0.0,0.0,0.8695652173913043,0.875,0.875
1070271862,0.0,0.0,0.0,0.0,0.0,0.8695652173913043,0.8641304347826086,0.8858695652173914
2079592148,0.0,0.0,0.005434782608695676,0.0,0.0,0.8695652173913043,0.875,0.875
1620891271,0.0,0.0,0.0,0.0,0.0,0.8858695652173914,0.875,0.875
782004522,0.0,0.0,-0.005434782608695676,0.005434782608695565,-0.010869565217391353,0.8641304347826086,0.8586956521739131,0.875
432708111,0.0,0.0,0.0,0.0,0.0,0.8804347826086957,0.8641304347826086,0.8858695652173914
789689873,-0.005434782608695565,0.0,0.0,0.0,0.0,0.9021739130434783,0.8532608695652174,0.8532608695652174
842955093,0.0,0.0,0.0,0.0,0.0,0.875,0.8804347826086957,0.8804347826086957
1708996899,0.0,0.0,0.0,0.0,0.005434782608695676,0.875,0.8532608695652174,0.842391304347826
124237770,0.005434782608695676,0.0,0.0,0.005434782608695676,0.010869565217391353,0.8641304347826086,0.8478260869565217,0.8478260869565217
1828530269,0.0,0.0,0.0,-0.005434782608695676,0.0,0.9021739130434783,0.875,0.875
55212401,0.0,0.0,0.0,0.0,-0.005434782608695676,0.8369565217391305,0.842391304347826,0.8478260869565217
389578526,-0.005434782608695676,0.0,0.005434782608695676,0.0,-0.005434782608695676,0.8369565217391305,0.8260869565217391,0.8315217391304348
50222667,0.0,0.0,0.005434782608695676,0.0,0.0,0.8858695652173914,0.875,0.8695652173913043
288419696,0.0,0.0,0.0,0.0,-0.005434782608695676,0.8315217391304348,0.8152173913043478,0.8206521739130435
1470471598,0.0,0.0,0.0,-0.005434782608695565,0.0,0.8586956521739131,0.8586956521739131,0.8260869565217391
1298572040,0.0,0.0,0.0,0.0,0.0,0.8532608695652174,0.842391304347826,0.8641304347826086
1533005250,0.005434782608695676,0.0,0.0,0.0,-0.010869565217391242,0.8478260869565217,0.842391304347826,0.8532608695652174
979911560,0.0,0.0,0.005434782608695676,0.0,0.0,0.8913043478260869,0.8913043478260869,0.8967391304347826
1946520798,0.005434782608695676,0.0,0.0,-0.005434782608695676,0.0,0.8097826086956522,0.8043478260869565,0.8043478260869565
832622390,0.0,0.0,0.0,0.0,0.0,0.8695652173913043,0.8695652173913043,0.8586956521739131
349215093,0.005434782608695565,0.0,-0.005434782608695565,0.0,0.0,0.8532608695652174,0.8532608695652174,0.8532608695652174
916528993,0.0,0.0,0.0,0.0,0.0,0.8315217391304348,0.8586956521739131,0.8695652173913043
1386741260,0.005434782608695676,0.0,0.005434782608695676,0.0,0.0,0.8586956521739131,0.8586956521739131,0.8532608695652174
827590410,0.0,0.0,-0.005434782608695565,0.0,0.005434782608695676,0.875,0.8858695652173914,0.875
1855397402,0.0,0.0,0.005434782608695676,0.0,0.0,0.907608695652174,0.9184782608695652,0.8967391304347826
1265333771,0.0,0.0,0.0,0.0,0.0,0.8641304347826086,0.8695652173913043,0.8695652173913043
847986160,0.0,-0.005434782608695676,0.005434782608695676,0.0,-0.005434782608695676,0.8858695652173914,0.8641304347826086,0.875
912508261,0.0,0.0,0.0,0.0,0.0,0.8532608695652174,0.8586956521739131,0.8586956521739131
767448875,0.0,0.0,-0.005434782608695676,0.0,0.0,0.8152173913043478,0.8260869565217391,0.8315217391304348
1760520175,0.0,0.0,0.0,0.0,0.0,0.8260869565217391,0.8152173913043478,0.8152173913043478
659108866,0.0,0.0,0.0,0.0,0.0,0.8586956521739131,0.8532608695652174,0.8586956521739131
682281828,0.0,0.0,0.0,0.0,0.0,0.8532608695652174,0.8586956521739131,0.8532608695652174
401941896,-0.005434782608695676,0.0,0.0,0.0,0.0,0.8695652173913043,0.8695652173913043,0.8641304347826086
1710475091,0.005434782608695676,0.0,0.0,-0.005434782608695676,0.0,0.8913043478260869,0.8913043478260869,0.8913043478260869
157726589,0.0,0.0,0.0,0.0,0.005434782608695676,0.8532608695652174,0.8532608695652174,0.8532608695652174
931857021,0.0,0.0,0.0,0.005434782608695676,0.005434782608695676,0.875,0.875,0.8804347826086957
1332553960,0.0,0.0,0.0,0.005434782608695676,0.0,0.8804347826086957,0.8695652173913043,0.875
1055245413,0.010869565217391353,0.0,0.005434782608695565,0.0,0.0,0.8369565217391305,0.842391304347826,0.842391304347826
1048959470,0.0,0.0,0.0,-0.005434782608695676,0.0,0.8913043478260869,0.8695652173913043,0.8695652173913043
1000420511,0.005434782608695676,0.0,0.005434782608695676,0.0,0.0,0.8478260869565217,0.8695652173913043,0.8695652173913043
499152301,-0.010869565217391242,0.0,0.005434782608695676,0.0,0.010869565217391353,0.8478260869565217,0.842391304347826,0.8586956521739131
688536362,0.0,0.0,0.005434782608695565,0.0,0.0,0.8641304347826086,0.8478260869565217,0.8532608695652174
1234038454,0.0,0.0,0.0,-0.005434782608695676,-0.005434782608695565,0.8532608695652174,0.8369565217391305,0.8315217391304348
685452989,0.0,0.0,0.0,0.0,0.0,0.8586956521739131,0.8478260869565217,0.8532608695652174
243629808,-0.005434782608695676,0.0,-0.005434782608695676,-0.005434782608695565,-0.005434782608695676,0.8641304347826086,0.842391304347826,0.8315217391304348
841596393,0.005434782608695676,0.0,0.0,0.0,0.005434782608695565,0.907608695652174,0.8967391304347826,0.9130434782608695
1856311470,0.0,0.0,0.0,0.0,-0.005434782608695676,0.8967391304347826,0.8804347826086957,0.8967391304347826
961364451,0.0,0.0,0.005434782608695676,0.0,0.0,0.8641304347826086,0.8641304347826086,0.8641304347826086
1811639718,0.0,0.0,0.0,0.0,-0.010869565217391242,0.8695652173913043,0.8586956521739131,0.8913043478260869
1835951630,-0.005434782608695676,0.0,0.0,0.0,0.0,0.8586956521739131,0.842391304347826,0.842391304347826
970021898,0.005434782608695676,0.0,0.005434782608695676,0.0,0.0,0.8586956521739131,0.875,0.875
1954517161,0.0,0.0,0.0,0.005434782608695676,-0.005434782608695676,0.875,0.8532608695652174,0.8586956521739131
331084510,0.0,0.0,-0.005434782608695676,0.0,-0.010869565217391242,0.8804347826086957,0.8858695652173914,0.8804347826086957
1481994005,0.0,0.0,0.005434782608695676,-0.010869565217391353,0.0,0.8641304347826086,0.8532608695652174,0.8532608695652174
581292558,0.005434782608695676,0.0,0.0,0.0,0.005434782608695676,0.8260869565217391,0.8369565217391305,0.8315217391304348
1012892865,0.0,0.0,-0.005434782608695676,0.0,0.0,0.8586956521739131,0.842391304347826,0.842391304347826
1195919109,-0.005434782608695676,0.0,0.0,0.0,0.0,0.8478260869565217,0.8532608695652174,0.8478260869565217
521250289,0.005434782608695565,0.0,0.0,0.0,0.0,0.8695652173913043,0.8641304347826086,0.8586956521739131
211710181,-0.005434782608695676,0.0,0.005434782608695676,0.005434782608695676,0.0,0.8586956521739131,0.8586956521739131,0.8586956521739131
2131160640,0.0,0.0,-0.005434782608695676,0.0,0.0,0.8206521739130435,0.8152173913043478,0.8152173913043478
376508196,0.0,0.0,-0.005434782608695676,0.005434782608695676,0.005434782608695676,0.8260869565217391,0.8369565217391305,0.8206521739130435
1948403874,0.0,0.0,0.0,0.0,0.0,0.8695652173913043,0.875,0.875
1662848086,0.0,0.0,0.0,0.0,0.005434782608695565,0.875,0.8695652173913043,0.8804347826086957
2049983550,0.0,0.0,0.0,-0.005434782608695565,0.005434782608695676,0.8695652173913043,0.875,0.8586956521739131
1443961132,0.0,0.0,0.005434782608695676,0.0,0.0,0.8152173913043478,0.8260869565217391,0.8260869565217391
1999349515,0.005434782608695676,0.0,0.0,0.005434782608695676,0.0,0.8695652173913043,0.8260869565217391,0.8260869565217391
705028382,0.0,0.0,0.0,-0.005434782608695676,-0.005434782608695565,0.8152173913043478,0.8369565217391305,0.8369565217391305
39968343,0.0,0.0,0.0,0.0,0.010869565217391353,0.842391304347826,0.842391304347826,0.8369565217391305
2016499828,-0.010869565217391242,0.0,0.0,0.0,0.0,0.8641304347826086,0.8641304347826086,0.8641304347826086
1166003583,0.0,0.0,-0.005434782608695676,0.0,0.0,0.842391304347826,0.842391304347826,0.8478260869565217
843398702,0.0,0.0,0.005434782608695676,0.005434782608695565,-0.010869565217391242,0.8967391304347826,0.8695652173913043,0.8641304347826086
1002805947,-0.005434782608695676,0.0,0.0,0.0,0.0,0.8695652173913043,0.875,0.875
691085852,-0.005434782608695565,0.0,0.010869565217391353,0.005434782608695676,-0.005434782608695676,0.8532608695652174,0.8315217391304348,0.8315217391304348
1329495198,0.0,0.0,0.0,0.0,0.0,0.8641304347826086,0.8532608695652174,0.8532608695652174
162465428,-0.005434782608695565,0.0,0.0,0.0,0.0,0.907608695652174,0.8695652173913043,0.8695652173913043
1029360124,-0.005434782608695676,0.0,0.005434782608695565,-0.005434782608695565,0.0,0.875,0.8641304347826086,0.8641304347826086
56370281,0.0,0.0,0.005434782608695676,0.0,-0.005434782608695676,0.8260869565217391,0.8206521739130435,0.8260869565217391
1813029200,0.0,-0.005434782608695565,0.0,0.0,0.0,0.8315217391304348,0.8260869565217391,0.8478260869565217
1405554892,0.0,0.0,0.0,0.0,-0.005434782608695676,0.8532608695652174,0.8369565217391305,0.842391304347826
1136689454,-0.005434782608695676,0.0,-0.005434782608695676,0.0,0.0,0.8641304347826086,0.8586956521739131,0.8586956521739131
356626012,0.005434782608695676,0.0,0.0,0.0,-0.010869565217391353,0.8804347826086957,0.8641304347826086,0.8532608695652174
1198522255,0.0,0.0,0.0,0.0,0.0,0.8913043478260869,0.8695652173913043,0.8695652173913043
1805224514,0.005434782608695676,0.0,0.0,0.0,0.0,0.8695652173913043,0.8695652173913043,0.8586956521739131
2011557107,0.0,0.0,0.0,0.0,0.0,0.842391304347826,0.842391304347826,0.842391304347826
1592310989,0.0,0.0,0.0,0.0,-0.005434782608695565,0.8478260869565217,0.8315217391304348,0.8260869565217391
1815393524,-0.005434782608695565,0.0,0.0,0.0,0.005434782608695676,0.8695652173913043,0.8695652173913043,0.8641304347826086
1258704557,0.0,0.0,0.0,0.0,0.0,0.8913043478260869,0.8913043478260869,0.8913043478260869
425788351,0.0,0.0,-0.005434782608695676,0.0,0.0,0.8641304347826086,0.8586956521739131,0.8586956521739131
829151846,0.0,0.0,0.0,0.0,0.0,0.8586956521739131,0.875,0.8532608695652174
1188740794,0.0,0.0,0.0,0.0,0.0,0.8858695652173914,0.8913043478260869,0.8913043478260869
613204215,0.005434782608695676,0.0,0.0,0.0,0.0,0.8260869565217391,0.8260869565217391,0.8260869565217391
546529045,0.0,0.0,0.0,0.0,0.0,0.8804347826086957,0.8804347826086957,0.8804347826086957
1083157914,0.0,0.0,0.005434782608695565,0.0,0.0,0.8804347826086957,0.8695652173913043,0.8695652173913043
310004858,0.005434782608695676,0.0,0.0,0.0,0.0,0.8967391304347826,0.8913043478260869,0.8858695652173914
1346163831,0.005434782608695676,0.0,-0.005434782608695676,-0.005434782608695676,0.0,0.842391304347826,0.8586956521739131,0.8641304347826086
1568245047,0.0,0.0,0.0,0.0,0.0,0.8532608695652174,0.8586956521739131,0.8586956521739131
950259294,-0.005434782608695565,0.0,0.0,0.0,0.005434782608695565,0.875,0.8315217391304348,0.8532608695652174
772837296,0.0,0.0,0.0,0.0,0.005434782608695676,0.8641304347826086,0.8532608695652174,0.8695652173913043
1171759820,0.0,0.0,0.0,0.005434782608695676,0.0,0.875,0.8695652173913043,0.8695652173913043
1139380639,0.0,0.0,0.0,0.005434782608695565,-0.005434782608695676,0.8369565217391305,0.8260869565217391,0.8206521739130435
843609677,0.005434782608695676,0.0,0.0,0.0,0.0,0.8858695652173914,0.8913043478260869,0.8913043478260869
1613739439,0.0,0.0,0.0,0.0,0.0,0.8967391304347826,0.8641304347826086,0.8641304347826086
1088859277,0.0,0.0,0.005434782608695565,0.0,0.005434782608695676,0.875,0.8858695652173914,0.875
441551343,0.0,0.0,0.0,0.0,0.0,0.8206521739130435,0.842391304347826,0.842391304347826
379360369,-0.005434782608695565,0.0,0.005434782608695676,0.0,0.005434782608695676,0.7934782608695652,0.8097826086956522,0.8152173913043478
426305608,0.005434782608695676,0.0,0.0,0.0,-0.010869565217391353,0.8532608695652174,0.8641304347826086,0.875
1294741783,0.005434782608695565,0.0,0.0,0.0,0.0,0.8858695652173914,0.875,0.8695652173913043
1449780367,0.0,0.0,0.0,0.0,0.005434782608695565,0.8152173913043478,0.8097826086956522,0.8152173913043478
1325714929,0.0,0.0,0.0,0.0,0.0,0.8586956521739131,0.8586956521739131,0.8586956521739131
822279106,0.0,0.0,-0.005434782608695676,0.0,0.016304347826086918,0.8967391304347826,0.8858695652173914,0.8967391304347826
1150142342,0.0,0.0,0.0,0.0,0.005434782608695676,0.8532608695652174,0.8369565217391305,0.8369565217391305
1047343939,-0.005434782608695565,0.0,0.0,0.005434782608695676,0.010869565217391242,0.8586956521739131,0.8695652173913043,0.8369565217391305
406844130,0.0,0.0,-0.005434782608695676,0.005434782608695676,-0.005434782608695676,0.8260869565217391,0.8260869565217391,0.8369565217391305
825050957,0.0,0.0,0.0,-0.005434782608695676,-0.016304347826086918,0.8586956521739131,0.842391304347826,0.842391304347826
2025535072,-0.005434782608695676,0.0,-0.010869565217391353,0.0,0.005434782608695676,0.8695652173913043,0.8695652173913043,0.8641304347826086
1232300069,-0.010869565217391353,0.0,0.0,0.0,-0.005434782608695676,0.8532608695652174,0.8478260869565217,0.8641304347826086
227102828,0.0,0.0,0.010869565217391353,-0.005434782608695676,0.021739130434782594,0.842391304347826,0.8695652173913043,0.8586956521739131
1899157362,0.0,0.0,0.0,0.0,0.0,0.8913043478260869,0.8804347826086957,0.8586956521739131
1928390491,0.0,0.0,0.0,0.0,0.0,0.8641304347826086,0.8532608695652174,0.8532608695652174
2087821679,0.0,0.0,0.0,0.0,0.0,0.875,0.8586956521739131,0.8641304347826086
709595270,-0.005434782608695676,0.0,0.0,0.0,0.0,0.8804347826086957,0.8586956521739131,0.8586956521739131
1801597570,0.005434782608695676,0.0,0.005434782608695565,0.010869565217391242,0.0,0.8586956521739131,0.842391304347826,0.842391304347826
1170592958,0.0,0.0,0.0,0.0,0.005434782608695676,0.8913043478260869,0.8913043478260869,0.8695652173913043
908487648,0.010869565217391353,0.0,0.0,0.0,0.0,0.8369565217391305,0.8315217391304348,0.842391304347826
1554872696,-0.005434782608695565,0.0,0.0,0.0,0.0,0.8695652173913043,0.8586956521739131,0.8586956521739131
411943693,0.0,0.0,-0.005434782608695676,0.0,-0.005434782608695676,0.842391304347826,0.8478260869565217,0.8532608695652174
737910704,0.0,0.0,0.0,0.0,0.005434782608695676,0.8478260869565217,0.842391304347826,0.8586956521739131
37712049,0.0,0.0,0.0,0.0,0.005434782608695676,0.8532608695652174,0.8586956521739131,0.8586956521739131
1085544713,0.0,0.0,0.0,0.0,0.0,0.8152173913043478,0.8206521739130435,0.842391304347826
1322373617,0.0,0.0,0.005434782608695676,0.0,0.0,0.8369565217391305,0.8532608695652174,0.8206521739130435
22148426,0.0,0.0,0.005434782608695676,-0.010869565217391353,-0.010869565217391242,0.8478260869565217,0.842391304347826,0.8369565217391305
508385019,0.0,0.0,-0.005434782608695565,0.0,0.0,0.8858695652173914,0.875,0.8858695652173914
2038094783,0.0,0.0,0.0,0.0,0.0,0.8260869565217391,0.8152173913043478,0.8152173913043478
634671828,0.0,0.0,0.0,0.0,-0.010869565217391242,0.8315217391304348,0.8369565217391305,0.842391304347826
24080388,-0.005434782608695676,0.0,-0.005434782608695565,0.0,0.005434782608695565,0.8532608695652174,0.8478260869565217,0.8532608695652174
603244042,0.0,0.0,0.0,0.0,-0.010869565217391353,0.8152173913043478,0.8097826086956522,0.8152173913043478
1825567586,0.0,0.0,0.0,0.0,-0.010869565217391353,0.8695652173913043,0.8695652173913043,0.8858695652173914
248258668,0.0,0.0,0.0,-0.005434782608695676,-0.010869565217391242,0.8586956521739131,0.8478260869565217,0.842391304347826
658293511,-0.010869565217391353,0.0,-0.005434782608695676,0.0,0.005434782608695676,0.8315217391304348,0.8641304347826086,0.8586956521739131
1988663214,0.0,0.0,0.0,0.0,0.0,0.8586956521739131,0.8586956521739131,0.8532608695652174
1925062923,0.0,0.0,-0.005434782608695676,0.0,0.0,0.8586956521739131,0.8478260869565217,0.8478260869565217
805024699,0.0,0.0,-0.005434782608695676,0.0,0.0,0.8695652173913043,0.8532608695652174,0.8532608695652174
1359485187,0.0,0.0,0.0,0.0,0.0,0.8695652173913043,0.8315217391304348,0.8478260869565217
738180241,0.0,0.0,0.0,0.0,0.005434782608695676,0.842391304347826,0.8913043478260869,0.8695652173913043
880824605,0.005434782608695676,0.0,0.0,0.0,0.0,0.8586956521739131,0.8532608695652174,0.8586956521739131
586376467,0.005434782608695676,0.0,0.0,0.0,-0.01630434782608703,0.8695652173913043,0.8695652173913043,0.8695652173913043
832931710,0.0,0.0,0.005434782608695676,0.0,0.0,0.8206521739130435,0.842391304347826,0.842391304347826
2127849794,-0.010869565217391242,0.0,0.0,0.0,-0.005434782608695676,0.8913043478260869,0.875,0.875
1658447484,-0.005434782608695676,0.0,-0.005434782608695676,0.0,-0.005434782608695676,0.8478260869565217,0.8369565217391305,0.842391304347826
822093504,0.0,0.0,0.0,0.0,0.0,0.8532608695652174,0.8641304347826086,0.842391304347826
109685794,0.0,0.0,0.005434782608695676,-0.005434782608695676,-0.005434782608695676,0.8478260869565217,0.842391304347826,0.842391304347826
351824806,-0.005434782608695676,0.0,-0.005434782608695676,0.0,-0.005434782608695565,0.8586956521739131,0.8586956521739131,0.8586956521739131
148870994,0.0,0.0,0.0,0.0,0.0,0.9130434782608695,0.9239130434782609,0.9239130434782609
126394600,0.0,0.0,0.0,0.0,0.010869565217391242,0.8858695652173914,0.8913043478260869,0.8804347826086957
1655151580,0.0,0.0,0.0,0.0,-0.005434782608695676,0.8641304347826086,0.8641304347826086,0.875
1577546241,-0.005434782608695676,0.0,0.0,0.0,0.005434782608695676,0.8532608695652174,0.842391304347826,0.8260869565217391
2029824361,0.0,0.0,0.0,0.0,-0.021739130434782594,0.8206521739130435,0.8586956521739131,0.8586956521739131
1253245875,-0.005434782608695676,0.0,-0.005434782608695676,0.0,0.0,0.8532608695652174,0.8586956521739131,0.8641304347826086
1332028974,0.0,0.0,0.0,0.0,0.0,0.8967391304347826,0.8695652173913043,0.8695652173913043
1866245106,0.0,0.0,0.0,0.0,0.0,0.8586956521739131,0.8641304347826086,0.8532608695652174
317707154,-0.005434782608695676,0.0,-0.005434782608695676,0.005434782608695565,0.0,0.8260869565217391,0.8206521739130435,0.8206521739130435
795354056,0.0,0.0,0.0,0.0,0.0,0.8641304347826086,0.8641304347826086,0.8478260869565217
1420339379,-0.005434782608695676,0.0,0.0,0.0,0.005434782608695676,0.8641304347826086,0.8532608695652174,0.842391304347826
1430281142,-0.005434782608695565,0.0,0.0,0.0,0.0,0.8532608695652174,0.8478260869565217,0.8478260869565217
2005889290,0.0,0.0,0.0,0.0,0.0,0.8478260869565217,0.842391304347826,0.842391304347826
1427640728,0.005434782608695676,0.0,0.0,0.010869565217391242,0.0,0.8369565217391305,0.8641304347826086,0.8641304347826086
2114793318,0.005434782608695565,0.0,0.0,0.0,0.0,0.842391304347826,0.842391304347826,0.842391304347826
733217674,0.0,0.0,-0.010869565217391353,0.0,0.0,0.9184782608695652,0.9239130434782609,0.9239130434782609
549189590,0.0,0.0,0.0,0.0,0.0,0.8804347826086957,0.8641304347826086,0.8641304347826086
729217878,-0.005434782608695676,0.0,0.0,0.0,0.0,0.8641304347826086,0.842391304347826,0.8586956521739131
232922329,-0.005434782608695676,0.0,0.0,0.0,0.0,0.8260869565217391,0.8097826086956522,0.8097826086956522
574016848,-0.005434782608695676,0.0,0.0,0.0,0.0,0.8532608695652174,0.8804347826086957,0.8804347826086957
1866661942,0.005434782608695676,0.0,-0.010869565217391353,0.0,0.005434782608695676,0.842391304347826,0.8532608695652174,0.8586956521739131
124444330,-0.010869565217391353,0.0,0.0,0.0,0.016304347826086918,0.8641304347826086,0.8695652173913043,0.8695652173913043
1531687744,0.0,0.0,-0.005434782608695676,0.0,0.0,0.8315217391304348,0.8532608695652174,0.8532608695652174
652937029,0.005434782608695676,0.0,0.0,0.0,-0.005434782608695676,0.8532608695652174,0.8641304347826086,0.8641304347826086
60380868,0.0,0.0,0.005434782608695676,0.0,-0.010869565217391242,0.8532608695652174,0.8586956521739131,0.8532608695652174
1382065920,0.0,0.0,-0.005434782608695676,0.0,0.0,0.842391304347826,0.8315217391304348,0.8315217391304348
164112915,0.0,0.0,0.005434782608695676,0.0,-0.010869565217391353,0.9021739130434783,0.8913043478260869,0.8804347826086957
1205352974,0.0,0.0,0.0,0.0,0.0,0.8913043478260869,0.8641304347826086,0.8641304347826086
500489649,-0.005434782608695676,0.0,0.0,0.0,0.0,0.8804347826086957,0.875,0.875
2086447388,0.0,0.0,0.0,0.010869565217391353,0.0,0.875,0.8641304347826086,0.8695652173913043
2048041145,0.005434782608695676,0.0,0.0,0.0,0.0,0.8804347826086957,0.8804347826086957,0.8804347826086957
1971320033,0.005434782608695565,0.0,0.0,0.0,0.0,0.8532608695652174,0.8478260869565217,0.8478260869565217
382914975,0.010869565217391242,0.0,0.0,0.0,-0.010869565217391353,0.8097826086956522,0.8315217391304348,0.8206521739130435
1791512104,0.005434782608695676,0.0,0.0,0.0,0.0,0.875,0.875,0.8804347826086957
1862797683,0.0,0.0,-0.005434782608695676,0.0,0.0,0.8532608695652174,0.8369565217391305,0.8315217391304348
465195516,0.0,0.0,0.005434782608695676,0.0,0.005434782608695676,0.8641304347826086,0.8478260869565217,0.8641304347826086
694710589,0.0,0.0,0.0,0.0,-0.010869565217391242,0.8478260869565217,0.842391304347826,0.8315217391304348
1702875135,0.0,0.0,0.0,0.0,0.0,0.8369565217391305,0.8369565217391305,0.8369565217391305
1566442517,0.0,0.0,0.0,0.0,-0.005434782608695676,0.8369565217391305,0.8097826086956522,0.8152173913043478
1539505356,0.0,0.0,0.0,0.005434782608695676,-0.005434782608695676,0.8315217391304348,0.8152173913043478,0.8206521739130435
632814474,0.0,0.0,0.0,0.0,0.0,0.8260869565217391,0.8315217391304348,0.8315217391304348
267194829,0.005434782608695676,0.0,0.0,0.0,-0.005434782608695565,0.8641304347826086,0.8641304347826086,0.8804347826086957
367992052,0.0,0.0,0.0,0.0,-0.01630434782608703,0.8641304347826086,0.8641304347826086,0.8641304347826086
1753796030,0.0,0.0,-0.005434782608695676,0.0,0.005434782608695676,0.8586956521739131,0.8586956521739131,0.842391304347826
1135318254,0.0,0.0,0.0,0.0,0.0,0.875,0.8858695652173914,0.8532608695652174
1748540984,-0.010869565217391242,0.0,0.005434782608695676,-0.005434782608695676,0.005434782608695676,0.907608695652174,0.8913043478260869,0.907608695652174
1108948082,0.0,0.0,-0.005434782608695676,0.0,0.0,0.8152173913043478,0.782608695652174,0.8097826086956522
1597924672,-0.005434782608695565,0.0,0.0,0.005434782608695676,0.0,0.875,0.8586956521739131,0.8586956521739131
801887718,0.0,0.0,0.0,0.0,0.0,0.8478260869565217,0.842391304347826,0.842391304347826
293706785,0.0,0.0,0.0,0.0,0.005434782608695565,0.842391304347826,0.8369565217391305,0.8315217391304348
795200094,0.005434782608695676,0.0,-0.005434782608695565,0.0,-0.005434782608695676,0.8532608695652174,0.8586956521739131,0.8641304347826086
926309008,0.0,0.0,-0.005434782608695676,-0.005434782608695565,0.005434782608695676,0.8532608695652174,0.8641304347826086,0.8695652173913043
1457909968,0.0,0.0,0.0,0.0,0.0,0.907608695652174,0.9021739130434783,0.9021739130434783
138878727,0.0,0.0,0.0,0.0,0.0,0.8641304347826086,0.8532608695652174,0.8532608695652174
1045402436,-0.010869565217391353,0.0,0.0,0.0,0.010869565217391353,0.8913043478260869,0.8858695652173914,0.8858695652173914
739301374,-0.005434782608695676,0.0,0.0,0.005434782608695676,0.0,0.8478260869565217,0.8532608695652174,0.8532608695652174
1241377760,0.0,0.0,0.0,0.0,0.0,0.8369565217391305,0.8478260869565217,0.8478260869565217
1633560510,0.0,0.0,0.0,0.0,0.0,0.8369565217391305,0.8641304347826086,0.8369565217391305
1791090970,0.0,0.0,0.0,0.005434782608695565,-0.005434782608695676,0.8804347826086957,0.8695652173913043,0.8858695652173914
1180623432,0.0,-0.005434782608695676,-0.005434782608695676,0.0,0.0,0.842391304347826,0.8206521739130435,0.8260869565217391
1884402036,0.0,0.0,0.0,0.0,0.0,0.8586956521739131,0.8532608695652174,0.8695652173913043
1282338478,0.0,0.0,0.0,0.0,0.0,0.8532608695652174,0.8532608695652174,0.842391304347826
344980260,0.0,0.0,-0.005434782608695565,0.0,0.005434782608695565,0.8641304347826086,0.8586956521739131,0.8586956521739131
159279776,-0.005434782608695676,0.0,0.005434782608695676,0.0,0.0,0.8586956521739131,0.8641304347826086,0.8641304347826086
989274362,0.0,0.0,0.0,0.0,0.0,0.8967391304347826,0.8913043478260869,0.9021739130434783
910684199,0.0,0.0,-0.005434782608695676,0.0,-0.005434782608695676,0.875,0.8641304347826086,0.842391304347826
236729447,-0.005434782608695676,0.0,0.0,0.0,0.005434782608695676,0.8858695652173914,0.8913043478260869,0.8804347826086957
1534563313,0.0,0.0,-0.005434782608695565,0.0,0.0,0.8858695652173914,0.8641304347826086,0.8641304347826086
1787833989,0.0,0.0,0.0,0.0,0.0,0.8097826086956522,0.8152173913043478,0.8152173913043478
1300571525,0.0,0.005434782608695676,0.0,0.0,0.0,0.842391304347826,0.8478260869565217,0.8260869565217391
388479340,0.0,0.0,0.0,0.005434782608695565,0.0,0.8532608695652174,0.8804347826086957,0.8586956521739131
447859711,0.0,0.0,0.0,0.0,-0.010869565217391353,0.8532608695652174,0.8586956521739131,0.875
627318937,0.0,0.0,0.0,0.005434782608695676,0.0,0.8858695652173914,0.8532608695652174,0.8586956521739131
997404883,-0.005434782608695676,0.0,0.0,0.0,0.005434782608695676,0.8260869565217391,0.842391304347826,0.8315217391304348
920266689,0.010869565217391242,0.0,0.0,0.0,0.0,0.8913043478260869,0.8913043478260869,0.8913043478260869
815143904,0.0,0.0,0.005434782608695676,0.0,0.0,0.8858695652173914,0.8858695652173914,0.8858695652173914
1677590779,-0.005434782608695676,0.0,0.0,0.005434782608695565,0.0,0.907608695652174,0.8858695652173914,0.8913043478260869
619419499,0.0,0.0,0.0,0.0,-0.005434782608695565,0.875,0.8641304347826086,0.8695652173913043
956903266,0.005434782608695676,0.0,-0.005434782608695676,0.0,0.0,0.9021739130434783,0.8913043478260869,0.9021739130434783
2140001075,0.0,0.0,0.0,0.0,0.005434782608695676,0.8695652173913043,0.8532608695652174,0.842391304347826
1684706695,0.0,0.0,0.0,0.0,0.005434782608695676,0.8641304347826086,0.8532608695652174,0.8478260869565217
2037896791,-0.005434782608695565,0.0,0.0,0.0,0.0,0.8641304347826086,0.8695652173913043,0.8478260869565217
1914052653,0.0,0.0,-0.005434782608695676,0.0,0.0,0.8532608695652174,0.8206521739130435,0.8206521739130435
804688912,-0.005434782608695676,0.0,0.0,0.0,0.0,0.8478260869565217,0.8478260869565217,0.8478260869565217
1324994316,0.005434782608695676,0.0,0.0,0.0,0.005434782608695676,0.8478260869565217,0.842391304347826,0.8478260869565217
828119452,0.0,0.0,0.0,0.0,0.0,0.8586956521739131,0.8532608695652174,0.8478260869565217
77130131,0.005434782608695676,0.0,0.0,0.0,0.0,0.8369565217391305,0.842391304347826,0.8097826086956522
365114349,-0.005434782608695676,0.0,0.0,0.0,0.005434782608695565,0.8206521739130435,0.8478260869565217,0.8478260869565217
498312302,0.0,0.0,-0.005434782608695676,0.0,0.005434782608695676,0.8695652173913043,0.8641304347826086,0.8641304347826086
55949109,0.005434782608695676,0.0,0.0,0.0,0.010869565217391242,0.8315217391304348,0.8315217391304348,0.8260869565217391
1160756724,-0.005434782608695676,0.0,0.010869565217391353,0.0,0.0,0.8478260869565217,0.842391304347826,0.842391304347826
1996836179,0.0,0.0,0.0,0.0,0.0,0.8641304347826086,0.8478260869565217,0.842391304347826
1034748232,0.0,0.0,0.0,-0.005434782608695676,-0.010869565217391353,0.8206521739130435,0.842391304347826,0.842391304347826
1954471998,0.0,0.0,0.005434782608695565,0.0,0.005434782608695676,0.8315217391304348,0.8532608695652174,0.8478260869565217
1331835081,0.005434782608695676,0.0,0.0,0.0,0.0,0.842391304347826,0.8369565217391305,0.8260869565217391
493796208,0.005434782608695676,0.0,0.005434782608695676,0.0,0.0,0.8858695652173914,0.8695652173913043,0.8695652173913043
1727129404,0.005434782608695676,0.0,0.0,0.0,-0.005434782608695676,0.7989130434782609,0.8152173913043478,0.8152173913043478
1588239690,0.005434782608695676,0.0,0.0,0.0,0.0,0.8260869565217391,0.8097826086956522,0.8097826086956522
783075799,-0.005434782608695676,0.0,-0.005434782608695676,0.0,-0.005434782608695676,0.8532608695652174,0.8369565217391305,0.8369565217391305
807937774,-0.005434782608695565,0.0,0.0,0.005434782608695676,0.0,0.8641304347826086,0.8586956521739131,0.8586956521739131
4285588,0.0,0.0,-0.005434782608695676,0.005434782608695676,0.0,0.8695652173913043,0.842391304347826,0.842391304347826
1957612846,0.0,0.0,0.0,-0.005434782608695676,0.0,0.875,0.8478260869565217,0.8641304347826086
555532119,0.0,0.0,0.005434782608695676,0.0,0.0,0.8804347826086957,0.8858695652173914,0.8858695652173914
1678290822,0.010869565217391242,0.0,0.0,0.0,-0.005434782608695676,0.875,0.8641304347826086,0.8586956521739131
1581954807,0.005434782608695676,0.0,0.0,0.0,-0.005434782608695676,0.8369565217391305,0.842391304347826,0.842391304347826
1253382037,0.0,0.0,0.0,0.0,0.0,0.875,0.8641304347826086,0.8641304347826086
1604403642,0.0,0.0,-0.005434782608695565,0.005434782608695676,0.005434782608695565,0.8913043478260869,0.9021739130434783,0.9184782608695652
47096696,0.005434782608695676,0.0,0.0,0.0,0.0,0.8478260869565217,0.8532608695652174,0.842391304347826
346934632,0.0,0.0,0.010869565217391242,0.0,0.0,0.7934782608695652,0.7989130434782609,0.7989130434782609
2127937493,0.0,0.0,0.0,0.0,0.0,0.8369565217391305,0.8532608695652174,0.8532608695652174
242472216,0.0,0.0,0.0,0.0,0.0,0.8315217391304348,0.8315217391304348,0.8206521739130435
850938950,0.005434782608695676,0.0,0.005434782608695676,0.0,0.010869565217391353,0.8967391304347826,0.9021739130434783,0.907608695652174
1022532191,0.0,0.0,0.0,0.005434782608695676,0.0,0.8695652173913043,0.8804347826086957,0.8804347826086957
494363095,-0.005434782608695676,0.0,-0.005434782608695676,0.0,0.005434782608695676,0.8695652173913043,0.8695652173913043,0.875
1082128964,0.0,0.0,0.0,0.005434782608695565,0.005434782608695676,0.8695652173913043,0.8586956521739131,0.8478260869565217
756119351,0.0,0.0,0.0,-0.005434782608695676,0.0,0.8586956521739131,0.8369565217391305,0.8369565217391305
2009013514,0.0,0.0,0.0,0.0,0.0,0.8586956521739131,0.8641304347826086,0.8641304347826086
555992931,0.0,0.0,0.0,0.0,0.0,0.8532608695652174,0.8478260869565217,0.8478260869565217
281060043,-0.005434782608695676,0.0,0.0,0.0,0.0,0.842391304347826,0.8369565217391305,0.8369565217391305
1146655798,-0.005434782608695676,0.0,0.0,0.0,0.0,0.8315217391304348,0.8369565217391305,0.8369565217391305
1766270426,0.0,0.0,0.0,0.0,0.0,0.8532608695652174,0.8858695652173914,0.8695652173913043
336705009,0.0,0.0,-0.005434782608695676,0.0,-0.005434782608695565,0.8260869565217391,0.8260869565217391,0.8369565217391305
1564294630,0.005434782608695676,0.0,0.0,0.0,0.0,0.8315217391304348,0.7989130434782609,0.8152173913043478
845411061,0.0,0.0,0.0,0.005434782608695565,-0.010869565217391353,0.8369565217391305,0.8641304347826086,0.8532608695652174
355169934,0.0,0.0,0.0,0.0,0.0,0.8586956521739131,0.8695652173913043,0.8586956521739131
1520814949,0.0,0.0,0.0,-0.005434782608695565,0.0,0.8804347826086957,0.8858695652173914,0.8695652173913043
360939816,0.005434782608695676,0.0,0.0,0.0,0.0,0.8641304347826086,0.8478260869565217,0.8478260869565217
2121446956,-0.005434782608695676,0.0,0.0,0.0,-0.005434782608695565,0.8586956521739131,0.8369565217391305,0.8478260869565217
486724495,0.0,0.0,0.0,0.0,-0.005434782608695676,0.8695652173913043,0.8586956521739131,0.8586956521739131
653640597,0.005434782608695565,0.0,0.005434782608695676,0.0,0.0,0.875,0.8858695652173914,0.8858695652173914
1622355912,0.005434782608695676,0.0,-0.005434782608695676,0.0,-0.005434782608695676,0.8532608695652174,0.842391304347826,0.842391304347826
735280853,0.0,0.0,0.0,0.0,-0.016304347826086918,0.8641304347826086,0.8804347826086957,0.8695652173913043
1309105810,0.010869565217391353,0.0,0.0,0.0,0.0,0.8641304347826086,0.8695652173913043,0.8695652173913043
262256801,0.005434782608695676,0.0,0.0,0.005434782608695676,0.0,0.8586956521739131,0.8695652173913043,0.8695652173913043
1196626968,0.005434782608695676,0.0,0.005434782608695676,0.0,0.0,0.842391304347826,0.8315217391304348,0.8315217391304348
1727603511,0.0,0.0,0.0,0.0,0.0,0.842391304347826,0.8097826086956522,0.8097826086956522
328647659,0.0,0.0,0.005434782608695676,-0.005434782608695676,0.0,0.8586956521739131,0.8586956521739131,0.8260869565217391
305584278,0.0,0.0,0.0,0.0,0.005434782608695676,0.8967391304347826,0.8858695652173914,0.8858695652173914
778766448,0.0,0.0,0.010869565217391353,0.0,0.0,0.8586956521739131,0.8315217391304348,0.8260869565217391
236546543,0.0,0.0,0.0,0.0,0.0,0.8695652173913043,0.842391304347826,0.8586956521739131
784075577,0.0,0.0,0.0,0.0,0.005434782608695676,0.875,0.8804347826086957,0.8695652173913043
1369367326,0.0,0.0,0.0,0.0,0.010869565217391353,0.8858695652173914,0.8695652173913043,0.875
2042934959,0.005434782608695676,0.0,0.0,0.0,0.0,0.8641304347826086,0.8478260869565217,0.8478260869565217
1497458815,0.0,0.0,0.010869565217391242,0.0,0.0,0.8695652173913043,0.8804347826086957,0.8804347826086957
2063547538,0.0,0.0,0.0,0.0,0.005434782608695676,0.875,0.8804347826086957,0.8695652173913043
1593058516,-0.005434782608695676,0.0,-0.005434782608695676,0.0,0.01630434782608703,0.8152173913043478,0.8369565217391305,0.8315217391304348
1556593660,-0.010869565217391353,0.0,-0.005434782608695676,0.0,0.0,0.8804347826086957,0.8913043478260869,0.8913043478260869
1582609970,0.0,0.0,0.0,0.0,0.010869565217391353,0.8695652173913043,0.8695652173913043,0.8641304347826086
430110679,0.005434782608695676,0.0,0.0,0.005434782608695676,0.005434782608695676,0.875,0.8260869565217391,0.8586956521739131
527374511,0.0,0.0,-0.005434782608695676,0.0,0.0,0.8478260869565217,0.8532608695652174,0.8532608695652174
1748567602,0.005434782608695676,0.0,0.0,0.0,0.0,0.8695652173913043,0.8532608695652174,0.875
953877109,-0.005434782608695676,0.0,0.0,0.0,-0.010869565217391242,0.8913043478260869,0.8804347826086957,0.8641304347826086
839521879,0.0,0.0,0.0,0.005434782608695676,0.0,0.8804347826086957,0.8858695652173914,0.8858695652173914
1026494031,0.0,0.0,0.0,0.0,0.0,0.842391304347826,0.8586956521739131,0.8586956521739131
514642807,0.0,0.0,-0.005434782608695676,0.0,-0.021739130434782594,0.8532608695652174,0.8369565217391305,0.8478260869565217
1132877136,0.0,0.0,0.0,0.005434782608695676,0.005434782608695676,0.8478260869565217,0.842391304347826,0.8315217391304348
802566323,0.0,0.0,0.0,0.0,-0.005434782608695676,0.8695652173913043,0.8641304347826086,0.8532608695652174
2006837469,-0.005434782608695676,0.0,-0.005434782608695565,0.0,0.0,0.8695652173913043,0.8586956521739131,0.8586956521739131
1533569987,0.0,0.0,0.0,0.0,-0.016304347826086918,0.842391304347826,0.8695652173913043,0.8586956521739131
1396119977,0.0,0.0,0.0,0.005434782608695676,0.0,0.8586956521739131,0.8641304347826086,0.8695652173913043
889799492,0.0,0.0,0.0,0.0,0.0,0.8478260869565217,0.8586956521739131,0.8695652173913043
442529920,0.0,0.0,0.005434782608695565,0.005434782608695676,0.0,0.8641304347826086,0.8586956521739131,0.8586956521739131
1980156541,0.0,0.0,0.0,0.0,-0.005434782608695676,0.8695652173913043,0.8532608695652174,0.842391304347826
19464815,0.0,0.0,0.0,0.0,0.0,0.8858695652173914,0.8695652173913043,0.875
1732931615,0.0,0.0,0.005434782608695676,0.0,0.010869565217391242,0.8478260869565217,0.8804347826086957,0.842391304347826
1987691257,0.0,0.0,0.0,0.0,0.005434782608695676,0.8695652173913043,0.8586956521739131,0.8641304347826086
551909294,-0.005434782608695565,0.0,-0.005434782608695676,0.0,-0.005434782608695676,0.875,0.875,0.8586956521739131
2064579328,0.005434782608695676,0.0,0.0,0.0,-0.005434782608695676,0.8478260869565217,0.8532608695652174,0.8478260869565217
1359199294,-0.005434782608695676,0.0,0.0,0.0,0.005434782608695565,0.9239130434782609,0.907608695652174,0.907608695652174
848738998,0.005434782608695676,0.0,0.0,-0.005434782608695676,0.0,0.8586956521739131,0.842391304347826,0.8532608695652174
1051594165,-0.005434782608695676,0.0,0.0,0.0,-0.005434782608695565,0.8097826086956522,0.8043478260869565,0.8097826086956522
676779616,-0.005434782608695565,0.0,0.0,0.0,-0.01630434782608703,0.875,0.8804347826086957,0.8804347826086957
723410267,0.0,0.0,0.0,0.0,0.0,0.875,0.8913043478260869,0.8913043478260869
2109574589,0.005434782608695565,0.0,0.0,0.0,0.005434782608695676,0.8315217391304348,0.8478260869565217,0.8478260869565217
2095548556,0.0,0.0,0.0,0.0,-0.010869565217391353,0.842391304347826,0.8369565217391305,0.8260869565217391
673770326,0.0,0.0,0.0,0.0,0.0,0.8858695652173914,0.8913043478260869,0.8913043478260869
300814531,0.005434782608695676,0.0,0.0,0.0,0.0,0.8478260869565217,0.8641304347826086,0.8641304347826086
264688742,0.005434782608695676,0.0,0.0,0.0,0.0,0.842391304347826,0.8532608695652174,0.8586956521739131
1663380510,-0.005434782608695676,0.0,0.0,0.0,0.0,0.8097826086956522,0.7989130434782609,0.7989130434782609
651554931,0.0,0.0,0.0,0.0,0.0,0.8695652173913043,0.8695652173913043,0.8695652173913043
1470229140,0.0,0.0,0.0,0.0,0.0,0.8586956521739131,0.8478260869565217,0.8478260869565217
807109979,-0.010869565217391353,0.0,0.005434782608695676,0.0,0.005434782608695676,0.8097826086956522,0.8206521739130435,0.8043478260869565
1250609537,-0.005434782608695676,0.0,0.0,0.0,-0.005434782608695676,0.8858695652173914,0.875,0.8804347826086957
776571559,0.0,0.0,0.0,0.0,-0.01630434782608703,0.8586956521739131,0.842391304347826,0.8586956521739131
856801804,0.0,0.0,0.0,0.005434782608695676,0.010869565217391353,0.8369565217391305,0.8369565217391305,0.8152173913043478
